2007-08-17,499.0,499.0,473.9,488.1,441.82834,8496900,C.csv
2007-11-01,386.2,409.0,381.3,385.1,353.14407,17147400,C.csv
2008-03-17,182.5,193.3,179.9,186.2,172.73146,18154600,C.csv
2008-09-19,217.0,225.3,190.0,206.5,197.3779,26540500,C.csv
2008-10-03,194.5,209.0,177.0,183.5,175.39392,29571900,C.csv
2008-10-08,145.9,162.9,140.5,144.0,137.63876,15606300,C.csv
2008-10-10,120.4,148.0,120.0,141.1,134.86688,26081600,C.csv
2008-10-13,157.0,162.6,145.2,157.5,150.54242,16383300,C.csv
2009-02-02,110694.4,110694.4,106434.56,106752.0,106752.0,300,VXX.csv
2009-02-03,106639.36,106639.36,101693.44,101754.88,101754.88,100,VXX.csv
2009-02-04,100608.0,102799.36,99328.0,102133.76,102133.76,100,VXX.csv
2009-02-05,104038.4,106280.96,100505.6,101509.12,101509.12,200,VXX.csv
2009-02-06,101376.0,101396.48,97341.44,100044.8,100044.8,100,VXX.csv
2009-02-09,100689.92,102727.68,100218.88,101713.92,101713.92,100,VXX.csv
2009-02-10,103424.0,108195.84,101150.72,107110.4,107110.4,200,VXX.csv
2009-02-11,106547.2,107345.92,104550.4,105543.68,105543.68,0,VXX.csv
2009-02-12,107776.0,110592.0,105226.24,105226.24,105226.24,0,VXX.csv
2009-02-13,105717.76,105717.76,103424.0,104437.76,104437.76,100,VXX.csv
2009-02-17,109568.0,113438.72,108544.0,109660.16,109660.16,0,VXX.csv
2009-02-18,107520.0,112312.32,107520.0,110817.28,110817.28,0,VXX.csv
2009-02-19,110622.72,111667.2,108021.76,110878.72,110878.72,0,VXX.csv
2009-02-20,114575.36,119193.6,114114.56,116039.68,116039.68,100,VXX.csv
2009-02-23,113664.0,122388.48,113664.0,122245.12,122245.12,0,VXX.csv
2009-02-24,122880.0,122880.0,110284.8,110673.92,110673.92,100,VXX.csv
2009-02-25,111892.48,115752.96,107663.36,110028.8,110028.8,100,VXX.csv
2009-02-26,108523.52,112035.84,105431.04,111124.48,111124.48,0,VXX.csv
2009-02-27,116439.04,116439.04,108503.04,111278.08,111278.08,100,VXX.csv
2009-03-02,113684.48,120852.48,113684.48,119183.36,119183.36,100,VXX.csv
2009-03-03,115763.2,121395.2,115763.2,118681.6,118681.6,100,VXX.csv
2009-03-04,117749.76,117749.76,107304.96,110397.44,110397.44,100,VXX.csv
2009-03-05,113254.4,117749.76,111114.24,117043.2,117043.2,100,VXX.csv
2009-03-06,117739.52,118384.64,113356.8,116101.12,116101.12,200,VXX.csv
2009-03-09,116275.2,117248.0,112906.24,116551.68,116551.68,100,VXX.csv
2009-03-10,115712.0,115712.0,107171.84,107868.16,107868.16,100,VXX.csv
2009-03-11,106496.0,108748.8,104611.84,107069.44,107069.44,300,VXX.csv
2009-03-12,106854.4,108236.8,104376.32,105205.76,105205.76,400,VXX.csv
2009-03-13,104652.8,108021.76,104417.28,106752.0,106752.0,400,VXX.csv
2009-03-16,106496.0,110612.48,106096.64,110510.08,110510.08,500,VXX.csv
2009-03-17,111595.52,111923.2,106465.28,106680.32,106680.32,500,VXX.csv
2009-03-18,107622.4,108656.64,104550.4,106946.56,106946.56,600,VXX.csv
2009-03-19,107417.6,111964.16,104448.0,111964.16,111964.16,500,VXX.csv
2009-03-20,111124.48,119664.64,111104.0,118743.04,118743.04,700,VXX.csv
2009-03-23,115712.0,117504.0,110909.44,111226.88,111226.88,600,VXX.csv
2009-03-24,112138.24,113592.32,109086.72,113049.6,113049.6,500,VXX.csv
2009-03-25,110643.2,114319.36,107673.6,111247.36,111247.36,600,VXX.csv
2009-03-26,109250.56,109260.8,105656.32,106864.64,106864.64,500,VXX.csv
2009-03-27,106977.28,109987.84,106977.28,109885.44,109885.44,400,VXX.csv
2009-03-30,114688.0,119244.8,113827.84,118056.96,118056.96,700,VXX.csv
2009-03-31,117145.6,117739.52,113971.2,115927.04,115927.04,500,VXX.csv
2009-04-01,119838.72,121845.76,113254.4,113838.08,113838.08,600,VXX.csv
2009-04-02,110592.0,113623.04,109045.76,111974.4,111974.4,700,VXX.csv
2009-04-03,116787.2,116787.2,109404.16,109998.08,109998.08,400,VXX.csv
2009-04-06,110991.36,112476.16,110438.4,110612.48,110612.48,500,VXX.csv
2009-04-07,111503.36,112640.0,109598.72,110602.24,110602.24,500,VXX.csv
2009-04-08,108298.24,110888.96,108134.4,108318.72,108318.72,400,VXX.csv
2009-04-09,105472.0,105728.0,103157.76,104304.64,104304.64,400,VXX.csv
2009-04-13,104980.48,105994.24,102359.04,102778.88,102778.88,200,VXX.csv
2009-04-14,104222.72,104581.12,102338.56,102850.56,102850.56,500,VXX.csv
2009-04-15,103444.48,103444.48,100208.64,100352.0,100352.0,300,VXX.csv
2009-04-16,99328.0,99870.72,95979.52,97187.84,97187.84,300,VXX.csv
2009-04-17,97269.76,98918.4,94781.44,94955.52,94955.52,400,VXX.csv
2009-04-20,96860.16,102522.88,96092.16,101980.16,101980.16,600,VXX.csv
2009-04-21,102819.84,103495.68,97904.64,98375.68,98375.68,200,VXX.csv
2009-04-22,99532.8,99532.8,94525.44,98580.48,98580.48,300,VXX.csv
2009-04-23,98211.84,99942.4,97136.64,98129.92,98129.92,300,VXX.csv
2009-04-24,97699.84,98887.68,96552.96,97904.64,97904.64,200,VXX.csv
2009-04-27,98293.76,101140.48,98088.96,100679.68,100679.68,300,VXX.csv
2009-04-28,101703.68,102236.16,98263.04,99440.64,99440.64,300,VXX.csv
2009-04-29,99133.44,99133.44,93491.2,95252.48,95252.48,200,VXX.csv
2009-04-30,95057.92,96522.24,92375.04,96010.24,96010.24,300,VXX.csv
2009-05-01,95805.44,97208.32,94003.2,94781.44,94781.44,100,VXX.csv
2009-05-04,93132.8,94167.04,89456.64,89733.12,89733.12,400,VXX.csv
2009-05-05,89968.64,91740.16,89968.64,90501.12,90501.12,300,VXX.csv
2009-05-06,89835.52,89835.52,86999.04,87388.16,87388.16,100,VXX.csv
2009-05-07,86528.0,89661.44,85473.28,88647.68,88647.68,200,VXX.csv
2009-05-08,88350.72,88350.72,83445.76,84633.6,84633.6,200,VXX.csv
2009-05-11,85657.6,87746.56,84520.96,85391.36,85391.36,200,VXX.csv
2009-05-12,84766.72,87244.8,84326.4,84951.04,84951.04,300,VXX.csv
2009-05-13,88104.96,88299.52,85790.72,87582.72,87582.72,300,VXX.csv
2009-05-14,89395.2,89395.2,83466.24,83886.08,83886.08,300,VXX.csv
2009-05-15,83456.0,86415.36,82186.24,85432.32,85432.32,200,VXX.csv
2009-05-18,85493.76,85493.76,79349.76,79749.12,79749.12,300,VXX.csv
2009-05-19,78766.08,80394.24,77025.28,78202.88,78202.88,200,VXX.csv
2009-05-20,77619.2,79380.48,73687.04,79237.12,79237.12,800,VXX.csv
2009-05-21,80373.76,85463.04,79523.84,83660.8,83660.8,1000,VXX.csv
2009-05-22,83404.8,85821.44,81940.48,85821.44,85821.44,400,VXX.csv
2009-05-26,85821.44,85821.44,78356.48,80496.64,80496.64,500,VXX.csv
2009-05-27,80128.0,83138.56,77977.6,82780.16,82780.16,400,VXX.csv
2009-05-28,82278.4,83855.36,80046.08,81592.32,81592.32,400,VXX.csv
2009-05-29,79697.92,81930.24,79595.52,79800.32,79800.32,200,VXX.csv
2009-06-01,78725.12,78776.32,74987.52,76185.6,76185.6,400,VXX.csv
2009-06-02,76759.04,78018.56,74465.28,77219.84,77219.84,200,VXX.csv
2009-06-03,78008.32,82216.96,77670.4,80947.2,80947.2,300,VXX.csv
2009-06-04,80609.28,81090.56,78632.96,79390.72,79390.72,200,VXX.csv
2009-06-05,79431.68,80998.4,77537.28,79206.4,79206.4,300,VXX.csv
2009-06-08,79912.96,81930.24,78346.24,79605.76,79605.76,200,VXX.csv
2009-06-09,79257.6,79257.6,75663.36,76042.24,76042.24,300,VXX.csv
2009-06-10,74977.28,79370.24,74772.48,76800.0,76800.0,400,VXX.csv
2009-06-11,76410.88,76410.88,73195.52,75069.44,75069.44,400,VXX.csv
2009-06-12,75683.84,75868.16,73492.48,73625.6,73625.6,200,VXX.csv
2009-06-15,74649.6,77056.0,74424.32,76892.16,76892.16,300,VXX.csv
2009-06-16,77332.48,80609.28,75950.08,79667.2,79667.2,500,VXX.csv
2009-06-17,79912.96,82196.48,79441.92,80844.8,80844.8,400,VXX.csv
2009-06-18,80680.96,81602.56,78786.56,80066.56,80066.56,400,VXX.csv
2009-06-19,80148.48,80148.48,77312.0,77844.48,77844.48,200,VXX.csv
2009-06-22,79841.28,81858.56,78571.52,80957.44,80957.44,300,VXX.csv
2009-06-23,80762.88,81807.36,79022.08,79052.8,79052.8,400,VXX.csv
2009-06-24,79042.56,79042.56,75550.72,76206.08,76206.08,400,VXX.csv
2009-06-25,77189.12,77189.12,72181.76,72611.84,72611.84,600,VXX.csv
2009-06-26,73369.6,73646.08,70932.48,71475.2,71475.2,300,VXX.csv
2009-06-29,71618.56,71976.96,68382.72,68567.04,68567.04,600,VXX.csv
2009-06-30,68597.76,70686.72,67450.88,69744.64,69744.64,900,VXX.csv
2009-07-01,68966.4,69550.08,67665.92,69468.16,69468.16,500,VXX.csv
2009-07-02,70522.88,73400.32,70440.96,73297.92,73297.92,1000,VXX.csv
2009-07-06,74209.28,74833.92,72273.92,72366.08,72366.08,300,VXX.csv
2009-07-07,73328.64,75212.8,72509.44,74588.16,74588.16,300,VXX.csv
2009-07-08,75253.76,79155.2,74219.52,76185.6,76185.6,700,VXX.csv
2009-07-10,75356.16,76523.52,74608.64,74905.6,74905.6,300,VXX.csv
2009-07-13,75243.52,75489.28,71577.6,72396.8,72396.8,800,VXX.csv
2009-07-14,71925.76,72488.96,70328.32,70799.36,70799.36,600,VXX.csv
2009-07-15,69365.76,69867.52,67573.76,69048.32,69048.32,1500,VXX.csv
2009-07-16,69498.88,69519.36,67502.08,67901.44,67901.44,1000,VXX.csv
2009-07-17,68096.0,68290.56,67328.0,67921.92,67921.92,600,VXX.csv
2009-07-20,67573.76,68177.92,66334.72,66600.96,66600.96,800,VXX.csv
2009-07-21,66037.76,66938.88,65423.36,65638.4,65638.4,900,VXX.csv
2009-07-22,66344.96,66590.72,62248.96,62853.12,62853.12,1700,VXX.csv
2009-07-23,63119.36,63221.76,60753.92,61050.88,61050.88,1500,VXX.csv
2009-07-24,61460.48,61839.36,60753.92,60794.88,60794.88,500,VXX.csv
2009-07-27,61675.52,62136.32,60784.64,61440.0,61440.0,700,VXX.csv
2009-07-28,62453.76,64481.28,61460.48,64051.2,64051.2,1200,VXX.csv
2009-07-29,64327.68,65464.32,63539.2,64737.28,64737.28,500,VXX.csv
2009-07-30,63682.56,63846.4,62238.72,63078.4,63078.4,500,VXX.csv
2009-07-31,63365.12,63590.4,62218.24,63457.28,63457.28,400,VXX.csv
2009-08-03,62812.16,63262.72,61921.28,62330.88,62330.88,600,VXX.csv
2009-08-05,61972.48,62597.12,61245.44,61388.8,61388.8,700,VXX.csv
2009-08-06,61429.76,62658.56,60497.92,62197.76,62197.76,700,VXX.csv
2009-08-07,61480.96,62208.0,58890.24,59668.48,59668.48,600,VXX.csv
2009-08-10,60211.2,61081.6,59668.48,59750.4,59750.4,400,VXX.csv
2009-08-11,60395.52,62996.48,60293.12,61440.0,61440.0,800,VXX.csv
2009-08-12,61583.36,61767.68,59443.2,60016.64,60016.64,600,VXX.csv
2009-08-13,60047.36,60907.52,58511.36,58634.24,58634.24,800,VXX.csv
2009-08-14,58859.52,60968.96,58859.52,60282.88,60282.88,500,VXX.csv
2009-08-17,61911.04,63825.92,61829.12,63559.68,63559.68,1000,VXX.csv
2009-08-18,63365.12,63631.36,61890.56,62310.4,62310.4,600,VXX.csv
2009-08-19,63170.56,63467.52,59719.68,60303.36,60303.36,1000,VXX.csv
2009-08-20,60098.56,60293.12,58849.28,59176.96,59176.96,500,VXX.csv
2009-08-21,58624.0,58705.92,57804.8,58101.76,58101.76,1100,VXX.csv
2009-08-24,57917.44,58613.76,57415.68,58327.04,58327.04,600,VXX.csv
2009-08-25,58214.4,60026.88,57702.4,59658.24,59658.24,900,VXX.csv
2009-08-26,59392.0,60487.68,59095.04,60364.8,60364.8,1100,VXX.csv
2009-08-27,60375.04,61184.0,58777.6,58890.24,58890.24,800,VXX.csv
2009-08-28,58112.0,59944.96,58019.84,59914.24,59914.24,700,VXX.csv
2009-08-31,60508.16,61409.28,60416.0,60590.08,60590.08,500,VXX.csv
2009-09-01,61204.48,63969.28,59832.32,63856.64,63856.64,1400,VXX.csv
2009-09-02,64040.96,64245.76,63232.0,64194.56,64194.56,700,VXX.csv
2009-09-04,61480.96,61542.4,59392.0,59402.24,59402.24,900,VXX.csv
2009-09-08,58890.24,58920.96,57344.0,57415.68,57415.68,1200,VXX.csv
2009-09-09,57333.76,57548.8,55500.8,55562.24,55562.24,1200,VXX.csv
2009-09-10,55470.08,55828.48,53258.24,53360.64,53360.64,1700,VXX.csv
2009-09-11,53166.08,54353.92,52387.84,54056.96,54056.96,1600,VXX.csv
2009-09-14,54272.0,54906.88,52418.56,52520.96,52520.96,1000,VXX.csv
2009-09-15,52582.4,53196.8,51998.72,52224.0,52224.0,1100,VXX.csv
2009-09-16,52224.0,52408.32,50288.64,50708.48,50708.48,1700,VXX.csv
2009-09-17,50565.12,51466.24,50073.6,50954.24,50954.24,1800,VXX.csv
2009-09-18,50892.8,52193.28,50452.48,51916.8,51916.8,1000,VXX.csv
2009-09-21,52654.08,52992.0,51742.72,51927.04,51927.04,1500,VXX.csv
2009-09-22,51292.16,51558.4,50176.0,50739.2,50739.2,800,VXX.csv
2009-09-23,50698.24,51456.0,48742.4,51445.76,51445.76,1900,VXX.csv
2009-09-24,51189.76,53217.28,50810.88,52080.64,52080.64,1500,VXX.csv
2009-09-25,52531.2,53155.84,51630.08,52162.56,52162.56,1000,VXX.csv
2009-09-28,52172.8,52172.8,50329.6,50421.76,50421.76,700,VXX.csv
2009-09-29,50524.16,50810.88,49797.12,50124.8,50124.8,800,VXX.csv
2009-09-30,50176.0,51763.2,49868.8,51189.76,51189.76,1100,VXX.csv
2009-10-01,51568.64,53616.64,51404.8,53606.4,53606.4,1200,VXX.csv
2009-10-02,54456.32,54814.72,52531.2,53483.52,53483.52,1200,VXX.csv
2009-10-05,53544.96,53626.88,51128.32,51558.4,51558.4,700,VXX.csv
2009-10-06,51056.64,51200.0,49059.84,49745.92,49745.92,1400,VXX.csv
2009-10-07,50186.24,50227.2,49397.76,49500.16,49500.16,400,VXX.csv
2009-10-08,49070.08,49510.4,48742.4,49233.92,49233.92,1300,VXX.csv
2009-10-09,49469.44,49500.16,48343.04,48455.68,48455.68,900,VXX.csv
2009-10-12,48117.76,48220.16,46540.8,46796.8,46796.8,1200,VXX.csv
2009-10-13,47073.28,48424.96,46612.48,46817.28,46817.28,800,VXX.csv
2009-10-14,46059.52,46284.8,45209.6,45578.24,45578.24,1400,VXX.csv
2009-10-15,46182.4,46284.8,44728.32,44748.8,44748.8,700,VXX.csv
2009-10-16,45260.8,46223.36,45004.8,45680.64,45680.64,700,VXX.csv
2009-10-19,45496.32,45557.76,44154.88,44451.84,44451.84,900,VXX.csv
2009-10-20,44400.64,44984.32,43857.92,44236.8,44236.8,1100,VXX.csv
2009-10-21,44636.16,45137.92,43008.0,45066.24,45066.24,2900,VXX.csv
2009-10-22,44892.16,45516.8,42987.52,43089.92,43089.92,1700,VXX.csv
2009-10-23,42649.6,43765.76,42147.84,43335.68,43335.68,1600,VXX.csv
2009-10-26,42977.28,45107.2,42188.8,44748.8,44748.8,1300,VXX.csv
2009-10-27,44697.6,45189.12,43888.64,44216.32,44216.32,1500,VXX.csv
2009-10-28,44523.52,47308.8,44390.4,47278.08,47278.08,1700,VXX.csv
2009-10-29,46100.48,46458.88,44738.56,44871.68,44871.68,1200,VXX.csv
2009-10-30,45455.36,50176.0,44881.92,49377.28,49377.28,2900,VXX.csv
2009-11-02,48691.2,51107.84,47400.96,49879.04,49879.04,2300,VXX.csv
2009-11-03,50667.52,50974.72,49152.0,49930.24,49930.24,2200,VXX.csv
2009-11-04,48691.2,49909.76,47872.0,49520.64,49520.64,1400,VXX.csv
2009-11-05,48547.84,49049.6,46858.24,46991.36,46991.36,1300,VXX.csv
2009-11-06,47994.88,48035.84,45619.2,45701.12,45701.12,1300,VXX.csv
2009-11-09,44840.96,44840.96,42854.4,42967.04,42967.04,1700,VXX.csv
2009-11-10,43274.24,43530.24,42240.0,43489.28,43489.28,1400,VXX.csv
2009-11-11,42752.0,44001.28,42106.88,43458.56,43458.56,1100,VXX.csv
2009-11-12,43898.88,45342.72,43304.96,44789.76,44789.76,1400,VXX.csv
2009-11-13,45056.0,45977.6,44113.92,44544.0,44544.0,1200,VXX.csv
2009-11-16,44001.28,44216.32,43192.32,43827.2,43827.2,1300,VXX.csv
2009-11-17,44441.6,44544.0,42823.68,43212.8,43212.8,1300,VXX.csv
2009-11-18,43397.12,43612.16,42240.0,42321.92,42321.92,1200,VXX.csv
2009-11-19,42926.08,44288.0,42700.8,43376.64,43376.64,1900,VXX.csv
2009-11-20,43878.4,43991.04,41830.4,42229.76,42229.76,1900,VXX.csv
2009-11-23,41185.28,41410.56,39577.6,39731.2,39731.2,2700,VXX.csv
2009-11-24,39772.16,40673.28,39290.88,39331.84,39331.84,1400,VXX.csv
2009-11-25,39004.16,39577.6,38420.48,38645.76,38645.76,2000,VXX.csv
2009-11-27,43069.44,43161.6,39936.0,41082.88,41082.88,2300,VXX.csv
2009-11-30,40826.88,41850.88,40611.84,41246.72,41246.72,1700,VXX.csv
2009-12-01,40550.4,40673.28,39424.0,39720.96,39720.96,1000,VXX.csv
2009-12-02,39669.76,40028.16,38922.24,39516.16,39516.16,1600,VXX.csv
2009-12-03,39311.36,40417.28,38809.6,40335.36,40335.36,1400,VXX.csv
2009-12-04,38819.84,40140.8,38512.64,39362.56,39362.56,2400,VXX.csv
2009-12-07,39639.04,39833.6,38830.08,39034.88,39034.88,1500,VXX.csv
2009-12-08,39833.6,40550.4,39526.4,40120.32,40120.32,1600,VXX.csv
2009-12-09,40335.36,40509.44,39710.72,39884.8,39884.8,1000,VXX.csv
2009-12-10,39424.0,39608.32,39034.88,39208.96,39208.96,700,VXX.csv
2009-12-11,39116.8,39424.0,38717.44,39014.4,39014.4,1500,VXX.csv
2009-12-14,38707.2,39096.32,38195.2,38297.6,38297.6,1100,VXX.csv
2009-12-15,38758.4,38758.4,37580.8,37703.68,37703.68,1400,VXX.csv
2009-12-16,37539.84,37765.12,36055.04,36229.12,36229.12,1900,VXX.csv
2009-12-17,36864.0,37058.56,36433.92,36710.4,36710.4,1400,VXX.csv
2009-12-18,36382.72,36751.36,35973.12,36085.76,36085.76,700,VXX.csv
2009-12-21,35942.4,36044.8,34928.64,34949.12,34949.12,1700,VXX.csv
2009-12-22,34631.68,34764.8,33996.8,34160.64,34160.64,1700,VXX.csv
2009-12-23,33873.92,34068.48,33382.4,33669.12,33669.12,1000,VXX.csv
2009-12-24,33658.88,33669.12,32931.84,33382.4,33382.4,300,VXX.csv
2009-12-28,33382.4,33740.8,32942.08,33392.64,33392.64,1300,VXX.csv
2009-12-30,33597.44,34170.88,33280.0,33976.32,33976.32,3800,VXX.csv
2009-12-31,33914.88,34908.16,33566.72,34887.68,34887.68,3500,VXX.csv
2010-01-04,34017.28,34037.76,33423.36,33495.04,33495.04,3500,VXX.csv
2010-01-05,33546.24,33587.2,32798.72,32860.16,32860.16,3100,VXX.csv
2010-01-06,32768.0,32870.4,31754.24,31948.8,31948.8,4300,VXX.csv
2010-01-07,31948.8,32071.68,31047.68,31047.68,31047.68,4000,VXX.csv
2010-01-08,31334.4,31385.6,30208.0,30228.48,30228.48,3500,VXX.csv
2010-01-11,30003.2,30259.2,29603.84,29675.52,29675.52,3900,VXX.csv
2010-01-12,30382.08,31354.88,30044.16,30607.36,30607.36,6000,VXX.csv
2010-01-13,30515.2,31109.12,29767.68,30177.28,30177.28,4200,VXX.csv
2010-01-14,30289.92,30464.0,29286.4,29440.0,29440.0,4500,VXX.csv
2010-01-15,29706.24,30760.96,29470.72,30218.24,30218.24,6800,VXX.csv
2010-01-19,30361.6,30382.08,28364.8,28487.68,28487.68,5700,VXX.csv
2010-01-20,29122.56,29962.24,28436.48,28477.44,28477.44,7200,VXX.csv
2010-01-21,28467.2,30187.52,27944.96,30023.68,30023.68,11100,VXX.csv
2010-01-22,30464.0,33024.0,29992.96,32655.36,32655.36,11300,VXX.csv
2010-01-25,31651.84,32808.96,31385.6,32348.16,32348.16,6500,VXX.csv
2010-01-26,32737.28,32788.48,31272.96,32481.28,32481.28,7300,VXX.csv
2010-01-27,32542.72,33525.76,31744.0,31744.0,31744.0,8400,VXX.csv
2010-01-28,31334.4,32747.52,31232.0,31764.48,31764.48,6800,VXX.csv
2010-01-29,31252.48,32952.32,30842.88,32399.36,32399.36,6600,VXX.csv
2010-02-01,31784.96,31805.44,30781.44,30883.84,30883.84,3800,VXX.csv
2010-02-02,30617.6,30720.0,29501.44,29716.48,29716.48,9300,VXX.csv
2010-02-03,30095.36,30105.6,29286.4,29829.12,29829.12,3600,VXX.csv
2010-02-04,30464.0,33187.84,30464.0,33136.64,33136.64,9200,VXX.csv
2010-02-05,32686.08,35266.56,32184.32,33433.6,33433.6,15100,VXX.csv
2010-02-08,33443.84,34242.56,32880.64,34109.44,34109.44,5500,VXX.csv
2010-02-09,33320.96,34088.96,32419.84,33075.2,33075.2,6300,VXX.csv
2010-02-10,33208.32,34273.28,32645.12,32860.16,32860.16,6200,VXX.csv
2010-02-11,33177.6,33873.92,31887.36,32153.6,32153.6,4700,VXX.csv
2010-02-12,33536.0,33792.0,32071.68,32184.32,32184.32,4000,VXX.csv
2010-02-16,31488.0,31549.44,30341.12,30535.68,30535.68,5100,VXX.csv
2010-02-17,30279.68,30371.84,29634.56,29634.56,29634.56,4600,VXX.csv
2010-02-18,29900.8,29900.8,28282.88,28508.16,28508.16,6600,VXX.csv
2010-02-19,28917.76,28917.76,27648.0,27699.2,27699.2,5600,VXX.csv
2010-02-22,27412.48,28129.28,27054.08,27463.68,27463.68,6200,VXX.csv
2010-02-23,27637.76,28743.68,27310.08,27934.72,27934.72,7900,VXX.csv
2010-02-24,27842.56,28026.88,27238.4,27443.2,27443.2,4500,VXX.csv
2010-02-25,28293.12,28897.28,27381.76,27381.76,27381.76,6700,VXX.csv
2010-02-26,27289.6,27586.56,26726.4,26920.96,26920.96,4500,VXX.csv
2010-03-01,26624.0,26644.48,26112.0,26255.36,26255.36,4600,VXX.csv
2010-03-02,26030.08,26234.88,25712.64,25958.4,25958.4,5300,VXX.csv
2010-03-03,25845.76,26040.32,25528.32,25856.0,25856.0,7800,VXX.csv
2010-03-04,25876.48,26030.08,25528.32,25610.24,25610.24,3700,VXX.csv
2010-03-05,25415.68,25600.0,24340.48,24586.24,24586.24,8700,VXX.csv
2010-03-08,24545.28,24545.28,23777.28,24115.2,24115.2,12200,VXX.csv
2010-03-09,24453.12,24770.56,23869.44,24360.96,24360.96,7400,VXX.csv
2010-03-10,24289.28,24473.6,23736.32,24463.36,24463.36,6200,VXX.csv
2010-03-11,24657.92,25047.04,24524.8,24657.92,24657.92,6300,VXX.csv
2010-03-12,24320.0,24883.2,24156.16,24422.4,24422.4,4700,VXX.csv
2010-03-15,24586.24,24893.44,24340.48,24473.6,24473.6,4200,VXX.csv
2010-03-16,24401.92,24401.92,23572.48,23726.08,23726.08,6500,VXX.csv
2010-03-17,23552.0,23623.68,22620.16,22927.36,22927.36,10700,VXX.csv
2010-03-18,22917.12,22937.6,22497.28,22609.92,22609.92,8600,VXX.csv
2010-03-19,22876.16,23255.04,22302.72,22876.16,22876.16,9700,VXX.csv
2010-03-22,23418.88,23531.52,22384.64,22456.32,22456.32,8400,VXX.csv
2010-03-23,22394.88,22661.12,22005.76,22026.24,22026.24,7400,VXX.csv
2010-03-25,22272.0,22855.68,21780.48,22845.44,22845.44,9700,VXX.csv
2010-03-26,22753.28,23019.52,22323.2,22517.76,22517.76,8900,VXX.csv
2010-03-29,22282.24,22446.08,22005.76,22097.92,22097.92,4900,VXX.csv
2010-03-31,22067.2,22118.4,21514.24,21514.24,21514.24,8400,VXX.csv
2010-04-01,21237.76,21760.0,20746.24,21524.48,21524.48,9400,VXX.csv
2010-04-06,20869.12,20992.0,19968.0,20039.68,20039.68,7500,VXX.csv
2010-04-07,20172.8,20715.52,19937.28,20480.0,20480.0,10500,VXX.csv
2010-04-08,20613.12,21145.6,20111.36,20193.28,20193.28,10400,VXX.csv
2010-04-09,20090.88,20254.72,19916.8,20019.2,20019.2,8000,VXX.csv
2010-04-12,19978.24,20080.64,19732.48,19968.0,19968.0,8700,VXX.csv
2010-04-13,20049.92,20480.0,19896.32,20172.8,20172.8,11300,VXX.csv
2010-04-14,19886.08,19947.52,19517.44,19609.6,19609.6,13100,VXX.csv
2010-04-15,19640.32,19742.72,19189.76,19517.44,19517.44,10500,VXX.csv
2010-04-16,19732.48,21278.72,19589.12,20449.28,20449.28,21800,VXX.csv
2010-04-19,20736.0,20951.04,19773.44,19855.36,19855.36,14800,VXX.csv
2010-04-20,19589.12,19722.24,18657.28,18708.48,18708.48,16900,VXX.csv
2010-04-21,18851.84,19404.8,18268.16,19036.16,19036.16,14500,VXX.csv
2010-04-22,19445.76,19865.6,18821.12,18882.56,18882.56,14900,VXX.csv
2010-04-23,18892.8,19138.56,18585.6,18810.88,18810.88,8300,VXX.csv
2010-04-26,18851.84,19189.76,18636.8,19107.84,19107.84,9400,VXX.csv
2010-04-27,19435.52,21094.4,19128.32,20992.0,20992.0,28400,VXX.csv
2010-04-28,20572.16,21452.8,20326.4,20879.36,20879.36,20000,VXX.csv
2010-04-29,20480.0,20572.16,19752.96,20049.92,20049.92,12500,VXX.csv
2010-04-30,20131.84,21729.28,19947.52,21719.04,21719.04,16700,VXX.csv
2010-05-03,21258.24,21278.72,20654.08,20817.92,20817.92,14200,VXX.csv
2010-05-04,21585.92,23255.04,21524.48,22906.88,22906.88,28900,VXX.csv
2010-05-05,24043.52,24944.64,22968.32,23900.16,23900.16,32400,VXX.csv
2010-05-06,24586.24,32296.96,23889.92,26746.88,26746.88,44700,VXX.csv
2010-05-07,27453.44,32020.48,27136.0,29952.0,29952.0,60400,VXX.csv
2010-05-10,25169.92,26521.6,24084.48,25681.92,25681.92,40500,VXX.csv
2010-05-11,27043.84,27238.4,25169.92,26245.12,26245.12,34800,VXX.csv
2010-05-12,25712.64,25804.8,24504.32,24657.92,24657.92,21400,VXX.csv
2010-05-13,24944.64,25497.6,24217.6,25323.52,25323.52,21200,VXX.csv
2010-05-14,26265.6,28672.0,25989.12,27504.64,27504.64,45900,VXX.csv
2010-05-17,27197.44,29696.0,27084.8,28139.52,28139.52,36000,VXX.csv
2010-05-18,26869.76,30003.2,26112.0,29829.12,29829.12,41200,VXX.csv
2010-05-19,30525.44,32000.0,29388.8,30566.4,30566.4,55400,VXX.csv
2010-05-20,32880.64,35840.0,32768.0,34887.68,34887.68,77300,VXX.csv
2010-05-21,36597.76,37089.28,32952.32,34109.44,34109.44,53900,VXX.csv
2010-05-24,34201.6,34631.68,32768.0,33914.88,33914.88,31400,VXX.csv
2010-05-25,36843.52,36966.4,32409.6,32419.84,32419.84,44100,VXX.csv
2010-05-26,31027.2,32071.68,29696.0,31774.72,31774.72,37500,VXX.csv
2010-05-27,29696.0,30033.92,28917.76,29009.92,29009.92,27700,VXX.csv
2010-05-28,28753.92,29992.96,28723.2,29265.92,29265.92,33100,VXX.csv
2010-06-01,30658.56,30924.8,29409.28,30914.56,30914.56,28600,VXX.csv
2010-06-02,30771.2,31170.56,29491.2,29562.88,29562.88,24900,VXX.csv
2010-06-03,29184.0,29747.2,28743.68,29081.6,29081.6,20500,VXX.csv
2010-06-04,31109.12,32256.0,30136.32,32040.96,32040.96,32700,VXX.csv
2010-06-07,31344.64,33239.04,31180.8,33044.48,33044.48,29600,VXX.csv
2010-06-08,32665.6,33638.4,31846.4,31887.36,31887.36,37600,VXX.csv
2010-06-09,31365.12,32358.4,30259.2,31928.32,31928.32,22300,VXX.csv
2010-06-10,30812.16,31088.64,30126.08,30279.68,30279.68,21200,VXX.csv
2010-06-14,28692.48,29132.8,28047.36,29112.32,29112.32,20700,VXX.csv
2010-06-15,28641.28,28672.0,27299.84,27340.8,27340.8,18000,VXX.csv
2010-06-16,27648.0,27668.48,26685.44,26900.48,26900.48,16900,VXX.csv
2010-06-17,26552.32,27381.76,26112.0,26132.48,26132.48,19800,VXX.csv
2010-06-18,26163.2,26368.0,25231.36,25671.68,25671.68,14500,VXX.csv
2010-06-21,24770.56,26296.32,24606.72,26091.52,26091.52,17000,VXX.csv
2010-06-22,26019.84,27340.8,25876.48,27125.76,27125.76,20400,VXX.csv
2010-06-23,27115.52,28416.0,26828.8,27351.04,27351.04,23700,VXX.csv
2010-06-24,27822.08,29429.76,27535.36,29030.4,29030.4,24000,VXX.csv
2010-06-25,28774.4,29440.0,28303.36,28385.28,28385.28,19000,VXX.csv
2010-06-28,28200.96,29132.8,28098.56,28856.32,28856.32,12600,VXX.csv
2010-06-29,30484.48,32092.16,30310.4,31528.96,31528.96,34700,VXX.csv
2010-06-30,31549.44,32245.76,30341.12,31948.8,31948.8,24800,VXX.csv
2010-07-01,31672.32,33730.56,31395.84,31641.6,31641.6,37400,VXX.csv
2010-07-02,31119.36,31590.4,30412.8,30709.76,30709.76,22900,VXX.csv
2010-07-06,29132.8,30208.0,28293.12,29388.8,29388.8,23900,VXX.csv
2010-07-07,29009.92,29071.36,27412.48,27545.6,27545.6,23400,VXX.csv
2010-07-08,26839.04,27412.48,26521.6,26869.76,26869.76,19700,VXX.csv
2010-07-09,26961.92,27115.52,26132.48,26163.2,26163.2,13800,VXX.csv
2010-07-12,26286.08,26593.28,25630.72,25845.76,25845.76,17400,VXX.csv
2010-07-13,25374.72,25600.0,24954.88,25600.0,25600.0,19400,VXX.csv
2010-07-14,25896.96,26931.2,25856.0,26552.32,26552.32,18700,VXX.csv
2010-07-15,26603.52,27904.0,26193.92,26316.8,26316.8,23200,VXX.csv
2010-07-16,27095.04,28518.4,26716.16,28026.88,28026.88,23400,VXX.csv
2010-07-19,27688.96,27965.44,26982.4,27166.72,27166.72,20800,VXX.csv
2010-07-20,28098.56,28170.24,25651.2,25774.08,25774.08,21400,VXX.csv
2010-07-21,25487.36,26613.76,25190.4,26009.6,26009.6,24300,VXX.csv
2010-07-23,24780.8,25128.96,24064.0,24217.6,24217.6,22800,VXX.csv
2010-07-26,24217.6,24330.24,23214.08,23367.68,23367.68,15300,VXX.csv
2010-07-27,22814.72,23613.44,22702.08,23183.36,23183.36,19500,VXX.csv
2010-07-28,23808.0,23951.36,23152.64,23418.88,23418.88,20500,VXX.csv
2010-07-29,23080.96,24043.52,22630.4,23377.92,23377.92,22000,VXX.csv
2010-07-30,24115.2,24258.56,22958.08,23111.68,23111.68,24300,VXX.csv
2010-08-02,22517.76,22630.4,21729.28,21739.52,21739.52,18600,VXX.csv
2010-08-03,21975.04,22435.84,21811.2,22046.72,22046.72,13500,VXX.csv
2010-08-04,21903.36,22149.12,21657.6,22056.96,22056.96,15800,VXX.csv
2010-08-05,22292.48,22374.4,21872.64,22118.4,22118.4,17000,VXX.csv
2010-08-06,22650.88,23040.0,21913.6,21913.6,21913.6,26300,VXX.csv
2010-08-09,21770.24,22016.0,21514.24,21585.92,21585.92,11800,VXX.csv
2010-08-10,22241.28,22435.84,21514.24,21811.2,21811.2,24100,VXX.csv
2010-08-11,22732.8,23398.4,22702.08,23388.16,23388.16,27500,VXX.csv
2010-08-12,24197.12,24371.2,23429.12,23705.6,23705.6,22700,VXX.csv
2010-08-13,23930.88,24463.36,23685.12,24350.72,24350.72,20400,VXX.csv
2010-08-16,24616.96,24678.4,23838.72,24176.64,24176.64,16400,VXX.csv
2010-08-17,23388.16,23562.24,22968.32,23214.08,23214.08,16400,VXX.csv
2010-08-18,23132.16,23316.48,22579.2,22753.28,22753.28,18100,VXX.csv
2010-08-19,22988.8,24084.48,22732.8,23756.8,23756.8,25800,VXX.csv
2010-08-20,23930.88,24156.16,23316.48,23388.16,23388.16,18500,VXX.csv
2010-08-23,23091.2,23173.12,22681.6,23101.44,23101.44,21600,VXX.csv
2010-08-24,23889.92,24555.52,23418.88,23808.0,23808.0,28500,VXX.csv
2010-08-25,24268.8,24442.88,23070.72,23214.08,23214.08,25400,VXX.csv
2010-08-26,22927.36,23797.76,22702.08,23449.6,23449.6,24100,VXX.csv
2010-08-27,23040.0,23787.52,22016.0,22016.0,22016.0,27300,VXX.csv
2010-08-30,22097.92,22773.76,21770.24,22712.32,22712.32,15400,VXX.csv
2010-08-31,22784.0,23080.96,22210.56,22487.04,22487.04,26000,VXX.csv
2010-09-01,21719.04,21893.12,21043.2,21125.12,21125.12,26900,VXX.csv
2010-09-02,21002.24,21125.12,20490.24,20531.2,20531.2,16900,VXX.csv
2010-09-03,19906.56,20060.16,19507.2,19537.92,19537.92,27500,VXX.csv
2010-09-07,19978.24,20254.72,19681.28,20070.4,20070.4,20600,VXX.csv
2010-09-08,19947.52,20029.44,19558.4,19712.0,19712.0,14400,VXX.csv
2010-09-09,19210.24,19394.56,18974.72,19394.56,19394.56,22100,VXX.csv
2010-09-10,19240.96,19343.36,18944.0,18984.96,18984.96,18100,VXX.csv
2010-09-13,18565.12,18585.6,17940.48,18001.92,18001.92,28200,VXX.csv
2010-09-14,18135.04,18268.16,17797.12,17991.68,17991.68,23800,VXX.csv
2010-09-15,18216.96,18329.6,17643.52,17725.44,17725.44,22900,VXX.csv
2010-09-16,17817.6,18104.32,17674.24,17797.12,17797.12,21500,VXX.csv
2010-09-17,17612.8,17940.48,17520.64,17571.84,17571.84,27900,VXX.csv
2010-09-20,17438.72,17582.08,17090.56,17131.52,17131.52,22900,VXX.csv
2010-09-21,17121.28,17336.32,16844.8,17192.96,17192.96,36000,VXX.csv
2010-09-22,17336.32,17633.28,16977.92,17469.44,17469.44,27400,VXX.csv
2010-09-23,17930.24,18145.28,17510.4,18042.88,18042.88,26900,VXX.csv
2010-09-24,17551.36,17551.36,17008.64,17029.12,17029.12,23700,VXX.csv
2010-09-27,17008.64,17162.24,16834.56,17152.0,17152.0,17600,VXX.csv
2010-09-29,17233.92,17448.96,17039.36,17336.32,17336.32,24200,VXX.csv
2010-09-30,17172.48,17920.0,16998.4,17704.96,17704.96,32400,VXX.csv
2010-10-01,17387.52,17827.84,17387.52,17448.96,17448.96,21000,VXX.csv
2010-10-04,17592.32,17909.76,17397.76,17786.88,17786.88,21200,VXX.csv
2010-10-05,17387.52,17479.68,16711.68,16834.56,16834.56,32200,VXX.csv
2010-10-06,16732.16,16967.68,16588.8,16629.76,16629.76,24100,VXX.csv
2010-10-07,16506.88,16936.96,16384.0,16527.36,16527.36,22300,VXX.csv
2010-10-08,16599.04,16609.28,15749.12,15769.6,15769.6,32000,VXX.csv
2010-10-11,15687.68,15708.16,15421.44,15472.64,15472.64,19400,VXX.csv
2010-10-12,15656.96,15872.0,14786.56,14848.0,14848.0,40900,VXX.csv
2010-10-13,14612.48,14776.32,14336.0,14540.8,14540.8,34700,VXX.csv
2010-10-14,14673.92,15380.48,14612.48,15052.8,15052.8,36000,VXX.csv
2010-10-15,14786.56,15523.84,14745.6,14766.08,14766.08,31500,VXX.csv
2010-10-18,14919.68,15083.52,14172.16,14366.72,14366.72,23100,VXX.csv
2010-10-19,14837.76,15093.76,14448.64,14827.52,14827.52,49400,VXX.csv
2010-10-20,14766.08,14858.24,13998.08,14080.0,14080.0,32800,VXX.csv
2010-10-21,13885.44,14213.12,13578.24,13752.32,13752.32,44400,VXX.csv
2010-10-22,13608.96,13660.16,13127.68,13137.92,13137.92,32900,VXX.csv
2010-10-25,12820.48,13096.96,12646.4,12953.6,12953.6,30100,VXX.csv
2010-10-26,13199.36,13332.48,13025.28,13230.08,13230.08,23200,VXX.csv
2010-10-27,13496.32,13998.08,13352.96,13424.64,13424.64,32400,VXX.csv
2010-10-28,13209.6,13660.16,13117.44,13363.2,13363.2,23400,VXX.csv
2010-10-29,13404.16,13619.2,13352.96,13414.4,13414.4,19000,VXX.csv
2010-11-02,13301.76,13332.48,13117.44,13168.64,13168.64,23000,VXX.csv
2010-11-03,13178.88,13383.68,12267.52,12359.68,12359.68,48800,VXX.csv
2010-11-04,11888.64,11909.12,11499.52,11530.24,11530.24,44400,VXX.csv
2010-11-05,11315.2,11550.72,11274.24,11407.36,11407.36,32500,VXX.csv
2010-11-08,11622.4,11888.64,11509.76,11560.96,11560.96,5400,VXX.csv
2010-11-09,11353.6,11850.24,11264.0,11619.84,11619.84,46600,VXX.csv
2010-11-10,11578.88,12001.28,11397.12,11417.6,11417.6,53800,VXX.csv
2010-11-11,11737.6,11909.12,11555.84,11630.08,11630.08,42600,VXX.csv
2010-11-12,11855.36,12390.4,11614.72,12185.6,12185.6,73000,VXX.csv
2010-11-15,12072.96,12131.84,11673.6,12093.44,12093.44,41100,VXX.csv
2010-11-16,12259.84,12961.28,12257.28,12631.04,12631.04,80100,VXX.csv
2010-11-17,12564.48,12584.96,12065.28,12308.48,12308.48,51500,VXX.csv
2010-11-18,11906.56,11906.56,11502.08,11604.48,11604.48,45000,VXX.csv
2010-11-19,11683.84,11968.0,11368.96,11379.2,11379.2,36400,VXX.csv
2010-11-22,11489.28,11648.0,10984.96,10987.52,10987.52,58100,VXX.csv
2010-11-23,11458.56,11732.48,11356.16,11486.72,11486.72,81200,VXX.csv
2010-11-24,11194.88,11235.84,11010.56,11048.96,11048.96,31100,VXX.csv
2010-11-26,11287.04,11714.56,11120.64,11714.56,11714.56,32300,VXX.csv
2010-11-29,11778.56,12288.0,11653.12,11801.6,11801.6,49500,VXX.csv
2010-11-30,12206.08,12618.24,12062.72,12618.24,12618.24,63900,VXX.csv
2010-12-01,12029.44,12055.04,11770.88,12019.2,12019.2,49600,VXX.csv
2010-12-02,11840.0,11863.04,11074.56,11087.36,11087.36,58300,VXX.csv
2010-12-03,11235.84,11240.96,10524.16,10572.8,10572.8,44400,VXX.csv
2010-12-06,10595.84,10662.4,10306.56,10380.8,10380.8,29800,VXX.csv
2010-12-07,10019.84,10288.64,9920.0,10278.4,10278.4,44600,VXX.csv
2010-12-08,10237.44,10426.88,9935.36,9996.8,9996.8,41700,VXX.csv
2010-12-09,9766.4,10037.76,9738.24,9866.24,9866.24,46600,VXX.csv
2010-12-10,9717.76,9856.0,9658.88,9761.28,9761.28,32200,VXX.csv
2010-12-13,9633.28,9960.96,9623.04,9904.64,9904.64,36400,VXX.csv
2010-12-14,9848.32,10060.8,9815.04,9958.4,9958.4,31700,VXX.csv
2010-12-15,10035.2,10232.32,9812.48,10186.24,10186.24,49200,VXX.csv
2010-12-16,10137.6,10265.6,9976.32,9986.56,9986.56,45400,VXX.csv
2010-12-17,9976.32,10053.12,9753.6,9809.92,9809.92,35100,VXX.csv
2010-12-20,9666.56,9830.4,9533.44,9592.32,9592.32,34700,VXX.csv
2010-12-21,9441.28,9484.8,9361.92,9425.92,9425.92,26900,VXX.csv
2010-12-22,9338.88,9420.8,9295.36,9374.72,9374.72,26300,VXX.csv
2010-12-27,9756.16,9976.32,9756.16,9845.76,9845.76,23600,VXX.csv
2010-12-28,9799.68,10037.76,9799.68,9966.08,9966.08,17900,VXX.csv
2010-12-29,9889.28,9932.8,9797.12,9830.4,9830.4,21300,VXX.csv
2010-12-31,9753.6,9838.08,9605.12,9628.16,9628.16,22900,VXX.csv
2011-01-03,9443.84,9448.96,9233.92,9341.44,9341.44,28000,VXX.csv
2011-01-04,9326.08,9633.28,9272.32,9300.48,9300.48,46400,VXX.csv
2011-01-05,9454.08,9484.8,9108.48,9172.48,9172.48,38000,VXX.csv
2011-01-06,9123.84,9300.48,9054.72,9198.08,9198.08,46900,VXX.csv
2011-01-10,9356.8,9556.48,9159.68,9216.0,9216.0,41600,VXX.csv
2011-01-11,9072.64,9146.88,8921.6,8944.64,8944.64,51700,VXX.csv
2011-01-12,8744.96,8785.92,8519.68,8558.08,8558.08,62500,VXX.csv
2011-01-13,8517.12,8632.32,8430.08,8445.44,8445.44,59700,VXX.csv
2011-01-14,8478.72,8504.32,8000.0,8081.92,8081.92,77200,VXX.csv
2011-01-18,8087.04,8099.84,7805.44,7823.36,7823.36,58000,VXX.csv
2011-01-19,7884.8,8417.28,7854.08,8238.08,8238.08,98000,VXX.csv
2011-01-20,8279.04,8501.76,8128.0,8153.6,8153.6,92200,VXX.csv
2011-01-21,7946.24,8335.36,7912.96,8250.88,8250.88,67400,VXX.csv
2011-01-24,8268.8,8320.0,8028.16,8084.48,8084.48,53300,VXX.csv
2011-01-25,8151.04,8296.96,7971.84,7984.64,7984.64,76200,VXX.csv
2011-01-26,7889.92,7966.72,7662.08,7741.44,7741.44,63000,VXX.csv
2011-01-27,7710.72,7787.52,7554.56,7580.16,7580.16,56500,VXX.csv
2011-01-28,7546.88,8337.92,7444.48,8217.6,8217.6,142800,VXX.csv
2011-01-31,8099.84,8284.16,8061.44,8199.68,8199.68,68700,VXX.csv
2011-02-01,7987.2,8025.6,7708.16,7802.88,7802.88,60600,VXX.csv
2011-02-02,7864.32,7882.24,7654.4,7767.04,7767.04,63600,VXX.csv
2011-02-03,7808.0,8000.0,7639.04,7667.2,7667.2,58900,VXX.csv
2011-02-04,7641.6,7718.4,7459.84,7477.76,7477.76,69900,VXX.csv
2011-02-07,7398.4,7403.52,7267.84,7365.12,7365.12,59600,VXX.csv
2011-02-08,7326.72,7472.64,7232.0,7275.52,7275.52,54600,VXX.csv
2011-02-10,7459.84,7488.0,7244.8,7298.56,7298.56,69400,VXX.csv
2011-02-11,7360.0,7372.8,7150.08,7173.12,7173.12,57900,VXX.csv
2011-02-14,7168.0,7214.08,7091.2,7098.88,7098.88,39100,VXX.csv
2011-02-16,7093.76,7290.88,7027.2,7285.76,7285.76,72200,VXX.csv
2011-02-17,7321.6,7413.76,7298.56,7370.24,7370.24,50500,VXX.csv
2011-02-22,7877.12,8412.16,7705.6,8332.8,8332.8,142600,VXX.csv
2011-02-23,8355.84,9006.08,8263.68,8706.56,8706.56,167300,VXX.csv
2011-02-24,8721.92,8967.68,8540.16,8622.08,8622.08,114000,VXX.csv
2011-02-25,8371.2,8384.0,8056.32,8066.56,8066.56,75300,VXX.csv
2011-02-28,7869.44,7895.04,7672.32,7726.08,7726.08,68000,VXX.csv
2011-03-01,7651.84,8320.0,7633.92,8307.2,8307.2,118200,VXX.csv
2011-03-02,8317.44,8435.2,8051.2,8327.68,8327.68,112500,VXX.csv
2011-03-03,7961.6,8053.76,7887.36,7905.28,7905.28,92000,VXX.csv
2011-03-04,7882.24,8279.04,7828.48,8104.96,8104.96,122300,VXX.csv
2011-03-07,8007.68,8583.68,7910.4,8317.44,8317.44,131500,VXX.csv
2011-03-08,8307.2,8524.8,8081.92,8143.36,8143.36,96100,VXX.csv
2011-03-09,8215.04,8496.64,8189.44,8256.0,8256.0,100900,VXX.csv
2011-03-10,8558.08,8747.52,8468.48,8683.52,8683.52,134900,VXX.csv
2011-03-11,8842.24,8857.6,8386.56,8450.56,8450.56,99900,VXX.csv
2011-03-14,8716.8,8791.04,8501.76,8532.48,8532.48,103000,VXX.csv
2011-03-15,9482.24,9484.8,8737.28,8893.44,8893.44,163600,VXX.csv
2011-03-16,8983.04,10019.84,8901.12,9633.28,9633.28,235000,VXX.csv
2011-03-17,9123.84,9425.92,9054.72,9338.88,9338.88,143600,VXX.csv
2011-03-18,8929.28,9195.52,8901.12,9052.16,9052.16,94300,VXX.csv
2011-03-21,8665.6,8696.32,8332.8,8363.52,8363.52,85600,VXX.csv
2011-03-22,8261.12,8412.16,8217.6,8320.0,8320.0,62200,VXX.csv
2011-03-23,8386.56,8532.48,7966.72,8002.56,8002.56,90800,VXX.csv
2011-03-24,7767.04,7923.2,7705.6,7784.96,7784.96,77700,VXX.csv
2011-03-25,7685.12,7797.76,7577.6,7774.72,7774.72,80600,VXX.csv
2011-03-29,7854.08,7992.32,7677.44,7677.44,7677.44,58000,VXX.csv
2011-03-30,7569.92,7631.36,7482.88,7539.2,7539.2,60200,VXX.csv
2011-03-31,7603.2,7636.48,7493.12,7518.72,7518.72,55400,VXX.csv
2011-04-01,7352.32,7534.08,7285.76,7447.04,7447.04,67400,VXX.csv
2011-04-05,7434.24,7447.04,7211.52,7242.24,7242.24,67800,VXX.csv
2011-04-06,7173.12,7342.08,7132.16,7214.08,7214.08,60200,VXX.csv
2011-04-07,7232.0,7429.12,7191.04,7265.28,7265.28,79100,VXX.csv
2011-04-08,7188.48,7500.8,7139.84,7403.52,7403.52,82700,VXX.csv
2011-04-11,7347.2,7436.8,7247.36,7334.4,7334.4,68200,VXX.csv
2011-04-12,7482.88,7557.12,7336.96,7403.52,7403.52,99600,VXX.csv
2011-04-13,7293.44,7444.48,7260.16,7278.08,7278.08,67900,VXX.csv
2011-04-14,7426.56,7467.52,7173.12,7216.64,7216.64,67000,VXX.csv
2011-04-15,7160.32,7249.92,7014.4,7052.8,7052.8,87500,VXX.csv
2011-04-18,7365.12,7503.36,7170.56,7201.28,7201.28,125800,VXX.csv
2011-04-19,7119.36,7134.72,6835.2,6853.12,6853.12,88600,VXX.csv
2011-04-20,6589.44,6617.6,6512.64,6566.4,6566.4,68400,VXX.csv
2011-04-21,6433.28,6545.92,6364.16,6369.28,6369.28,59800,VXX.csv
2011-04-25,6338.56,6389.76,6208.0,6223.36,6223.36,43800,VXX.csv
2011-04-26,6149.12,6190.08,6003.2,6087.68,6087.68,73700,VXX.csv
2011-04-27,6095.36,6336.0,5992.96,5998.08,5998.08,94600,VXX.csv
2011-04-29,5926.4,5987.84,5916.16,5928.96,5928.96,48300,VXX.csv
2011-05-02,5875.2,6164.48,5875.2,6113.28,6113.28,71200,VXX.csv
2011-05-03,6131.2,6387.2,6131.2,6238.72,6238.72,83200,VXX.csv
2011-05-04,6251.52,6522.88,6233.6,6310.4,6310.4,113800,VXX.csv
2011-05-05,6528.0,6553.6,6236.16,6489.6,6489.6,136500,VXX.csv
2011-05-06,6192.64,6548.48,6080.0,6359.04,6359.04,120200,VXX.csv
2011-05-09,6366.72,6379.52,6120.96,6141.44,6141.44,64300,VXX.csv
2011-05-10,6077.44,6120.96,5900.8,5928.96,5928.96,71300,VXX.csv
2011-05-11,5934.08,6213.12,5931.52,6031.36,6031.36,84900,VXX.csv
2011-05-12,6138.88,6225.92,5913.6,5972.48,5972.48,79200,VXX.csv
2011-05-13,5931.52,6144.0,5923.84,6049.28,6049.28,82400,VXX.csv
2011-05-16,6108.16,6187.52,5923.84,6187.52,6187.52,92700,VXX.csv
2011-05-17,6256.64,6343.68,6044.16,6064.64,6064.64,104700,VXX.csv
2011-05-18,6041.6,6113.28,5867.52,5900.8,5900.8,75200,VXX.csv
2011-05-19,5821.44,5903.36,5749.76,5770.24,5770.24,88600,VXX.csv
2011-05-20,5772.8,5949.44,5688.32,5826.56,5826.56,122000,VXX.csv
2011-05-23,6118.4,6154.24,5939.2,6018.56,6018.56,101500,VXX.csv
2011-05-24,5954.56,6013.44,5877.76,6008.32,6008.32,67500,VXX.csv
2011-05-25,6008.32,6018.56,5780.48,5836.8,5836.8,66800,VXX.csv
2011-05-26,5859.84,5903.36,5696.0,5706.24,5706.24,80100,VXX.csv
2011-05-27,5629.44,5644.8,5532.16,5616.64,5616.64,64400,VXX.csv
2011-05-31,5414.4,5519.36,5401.6,5450.24,5450.24,68800,VXX.csv
2011-06-01,5491.2,5800.96,5465.6,5793.28,5793.28,122300,VXX.csv
2011-06-02,5703.68,5905.92,5657.6,5721.6,5721.6,114200,VXX.csv
2011-06-03,5967.36,5969.92,5652.48,5726.72,5726.72,107700,VXX.csv
2011-06-06,5721.6,5893.12,5649.92,5824.0,5824.0,92500,VXX.csv
2011-06-08,5760.0,5872.64,5693.44,5844.48,5844.48,107700,VXX.csv
2011-06-10,5690.88,5916.16,5670.4,5852.16,5852.16,137500,VXX.csv
2011-06-13,5834.24,6074.88,5765.12,5949.44,5949.44,107800,VXX.csv
2011-06-14,5788.16,5793.28,5696.0,5765.12,5765.12,77800,VXX.csv
2011-06-15,5972.48,6282.24,5926.4,6254.08,6254.08,197000,VXX.csv
2011-06-16,6374.4,6883.84,6272.0,6589.44,6589.44,235000,VXX.csv
2011-06-20,6515.2,6553.6,6164.48,6174.72,6174.72,109600,VXX.csv
2011-06-21,5992.96,6031.36,5824.0,5969.92,5969.92,120800,VXX.csv
2011-06-22,5911.04,6046.72,5788.16,6028.8,6028.8,110100,VXX.csv
2011-06-23,6371.84,6453.76,6018.56,6028.8,6028.8,183000,VXX.csv
2011-06-24,5982.72,6307.84,5946.88,6279.68,6279.68,113900,VXX.csv
2011-06-27,6287.36,6371.84,6144.0,6187.52,6187.52,90400,VXX.csv
2011-06-28,6100.48,6149.12,5926.4,5936.64,5936.64,83700,VXX.csv
2011-06-29,5780.48,5836.8,5629.44,5639.68,5639.68,133500,VXX.csv
2011-06-30,5532.16,5547.52,5350.4,5411.84,5411.84,118700,VXX.csv
2011-07-01,5370.88,5396.48,5155.84,5194.24,5194.24,106200,VXX.csv
2011-07-05,5181.44,5248.0,5140.48,5212.16,5212.16,75000,VXX.csv
2011-07-06,5276.16,5378.56,5227.52,5294.08,5294.08,85900,VXX.csv
2011-07-07,5112.32,5160.96,5089.28,5148.16,5148.16,72800,VXX.csv
2011-07-08,5337.6,5340.16,5204.48,5209.6,5209.6,104900,VXX.csv
2011-07-11,5468.16,5662.72,5399.04,5637.12,5637.12,143200,VXX.csv
2011-07-12,5757.44,5785.6,5519.36,5777.92,5777.92,140800,VXX.csv
2011-07-13,5657.6,5844.48,5496.32,5777.92,5777.92,125300,VXX.csv
2011-07-14,5708.8,6133.76,5706.24,5985.28,5985.28,199100,VXX.csv
2011-07-15,5921.28,6141.44,5841.92,5928.96,5928.96,143800,VXX.csv
2011-07-18,6049.28,6174.72,6028.8,6051.84,6051.84,140200,VXX.csv
2011-07-19,5928.96,5944.32,5736.96,5765.12,5765.12,105900,VXX.csv
2011-07-20,5649.92,5765.12,5619.2,5642.24,5642.24,84300,VXX.csv
2011-07-21,5493.76,5532.16,5332.48,5345.28,5345.28,121100,VXX.csv
2011-07-22,5299.2,5399.04,5258.24,5306.88,5306.88,80600,VXX.csv
2011-07-25,5478.4,5527.04,5391.36,5509.12,5509.12,81100,VXX.csv
2011-07-26,5534.72,5675.52,5511.68,5632.0,5632.0,93600,VXX.csv
2011-07-27,5736.96,6000.64,5731.84,5964.8,5964.8,170000,VXX.csv
2011-07-28,6000.64,6149.12,5795.84,6103.04,6103.04,144200,VXX.csv
2011-07-29,6302.72,6394.88,5959.68,5992.96,5992.96,195900,VXX.csv
2011-08-01,5672.96,6126.08,5644.8,5736.96,5736.96,183300,VXX.csv
2011-08-02,5928.96,6141.44,5785.6,6136.32,6136.32,169300,VXX.csv
2011-08-03,6159.36,6451.2,6056.96,6164.48,6164.48,219800,VXX.csv
2011-08-04,6410.24,7398.4,6364.16,7395.84,7395.84,372400,VXX.csv
2011-08-05,7080.96,8512.0,6963.2,7759.36,7759.36,468400,VXX.csv
2011-08-08,8468.48,9121.28,8163.84,8903.68,8903.68,558600,VXX.csv
2011-08-09,8563.2,9236.48,7997.44,8002.56,8002.56,475700,VXX.csv
2011-08-10,8363.52,9072.64,8263.68,9003.52,9003.52,198600,VXX.csv
2011-08-11,8852.48,9095.68,8412.16,8647.68,8647.68,326500,VXX.csv
2011-08-12,8363.52,8762.88,8248.32,8737.28,8737.28,224500,VXX.csv
2011-08-15,8460.8,8588.8,8222.72,8238.08,8238.08,169500,VXX.csv
2011-08-16,8427.52,8704.0,8263.68,8414.72,8414.72,218600,VXX.csv
2011-08-17,8291.84,8678.4,8215.04,8583.68,8583.68,164000,VXX.csv
2011-08-18,9384.96,10590.72,9356.8,10360.32,10360.32,399200,VXX.csv
2011-08-19,11015.68,11036.16,10219.52,10892.8,10892.8,289700,VXX.csv
2011-08-22,10273.28,11374.08,9945.6,11228.16,11228.16,230200,VXX.csv
2011-08-23,11194.88,11453.44,10629.12,10693.12,10693.12,230100,VXX.csv
2011-08-24,10682.88,10790.4,10147.84,10470.4,10470.4,168800,VXX.csv
2011-08-25,10183.68,10941.44,10048.0,10682.88,10682.88,190000,VXX.csv
2011-08-26,11072.0,11289.6,10321.92,10513.92,10513.92,232600,VXX.csv
2011-08-29,10109.44,10158.08,9850.88,9856.0,9856.0,103300,VXX.csv
2011-08-30,10030.08,10232.32,9825.28,9958.4,9958.4,130000,VXX.csv
2011-08-31,9856.0,10096.64,9671.68,9973.76,9973.76,148500,VXX.csv
2011-09-01,9955.84,10119.68,9687.04,10109.44,10109.44,139700,VXX.csv
2011-09-02,10598.4,10726.4,10447.36,10618.88,10618.88,135100,VXX.csv
2011-09-06,11596.8,11604.48,10908.16,10936.32,10936.32,158100,VXX.csv
2011-09-07,10606.08,10731.52,10501.12,10544.64,10544.64,87900,VXX.csv
2011-09-08,10695.68,10787.84,10355.2,10716.16,10716.16,120100,VXX.csv
2011-09-09,11038.72,11873.28,10967.04,11732.48,11732.48,188500,VXX.csv
2011-09-12,12277.76,12582.4,11783.68,11840.0,11840.0,183200,VXX.csv
2011-09-13,11763.2,12106.24,11686.4,11737.6,11737.6,157700,VXX.csv
2011-09-14,11584.0,12021.76,11159.04,11417.6,11417.6,146800,VXX.csv
2011-09-15,11159.04,11274.24,10839.04,10849.28,10849.28,106800,VXX.csv
2011-09-16,10767.36,11015.68,10585.6,10636.8,10636.8,114900,VXX.csv
2011-09-19,11133.44,11348.48,10864.64,10992.64,10992.64,125400,VXX.csv
2011-09-20,10892.8,11031.04,10593.28,10977.28,10977.28,124500,VXX.csv
2011-09-21,10923.52,11581.44,10782.72,11573.76,11573.76,115700,VXX.csv
2011-09-22,12577.28,13148.16,12244.48,12759.04,12759.04,244600,VXX.csv
2011-09-23,12856.32,13086.72,12595.2,12887.04,12887.04,140300,VXX.csv
2011-09-26,12654.08,13132.8,12408.32,12441.6,12441.6,131700,VXX.csv
2011-09-27,11893.76,12321.28,11660.8,12195.84,12195.84,112900,VXX.csv
2011-09-28,12075.52,13007.36,11942.4,12986.88,12986.88,111300,VXX.csv
2011-09-29,12561.92,13376.0,12416.0,12764.16,12764.16,125500,VXX.csv
2011-09-30,13253.12,13719.04,13002.24,13662.72,13662.72,126500,VXX.csv
2011-10-03,13954.56,14584.32,13603.84,14551.04,14551.04,166400,VXX.csv
2011-10-04,14914.56,15150.08,13445.12,13529.6,13529.6,189400,VXX.csv
2011-10-05,13352.96,13601.28,12817.92,12866.56,12866.56,119100,VXX.csv
2011-10-06,12907.52,13158.4,12636.16,12641.28,12641.28,87000,VXX.csv
2011-10-07,12410.88,13104.64,12400.64,12856.32,12856.32,127300,VXX.csv
2011-10-10,12352.0,12372.48,11929.6,11932.16,11932.16,62900,VXX.csv
2011-10-11,12083.2,12098.56,11717.12,11786.24,11786.24,66700,VXX.csv
2011-10-12,11389.44,11432.96,10792.96,11000.32,11000.32,100100,VXX.csv
2011-10-13,11110.4,11458.56,10954.24,10977.28,10977.28,83000,VXX.csv
2011-10-14,10529.28,10780.16,10321.92,10357.76,10357.76,70700,VXX.csv
2011-10-17,10401.28,11496.96,10385.92,11432.96,11432.96,99200,VXX.csv
2011-10-18,11443.2,11857.92,10611.2,11008.0,11008.0,124100,VXX.csv
2011-10-19,10938.88,11962.88,10828.8,11742.72,11742.72,87900,VXX.csv
2011-10-20,11840.0,12352.0,11694.08,11857.92,11857.92,122200,VXX.csv
2011-10-21,11409.92,11609.6,11187.2,11210.24,11210.24,73600,VXX.csv
2011-10-24,11089.92,11089.92,10496.0,10539.52,10539.52,63600,VXX.csv
2011-10-25,10654.72,11307.52,10647.04,11212.8,11212.8,95500,VXX.csv
2011-10-26,10792.96,11596.8,10708.48,10759.68,10759.68,88600,VXX.csv
2011-10-27,9658.88,9912.32,9239.04,9331.2,9331.2,73000,VXX.csv
2011-10-28,9528.32,9610.24,9200.64,9282.56,9282.56,41800,VXX.csv
2011-10-31,9692.16,10268.16,9612.8,10268.16,10268.16,75900,VXX.csv
2011-11-01,11816.96,12093.44,11330.56,11755.52,11755.52,174900,VXX.csv
2011-11-02,11340.8,11796.48,11269.12,11392.0,11392.0,92400,VXX.csv
2011-11-03,11074.56,11776.0,10800.64,10831.36,10831.36,95700,VXX.csv
2011-11-04,11120.64,11468.8,10872.32,11072.0,11072.0,74900,VXX.csv
2011-11-08,10813.44,11136.0,10432.0,10449.92,10449.92,84200,VXX.csv
2011-11-09,11243.52,12492.8,11120.64,12421.12,12421.12,136800,VXX.csv
2011-11-10,11673.6,12336.64,11589.12,11642.88,11642.88,120400,VXX.csv
2011-11-11,11197.44,11233.28,10997.76,11146.24,11146.24,62100,VXX.csv
2011-11-14,11307.52,11627.52,11279.36,11422.72,11422.72,72100,VXX.csv
2011-11-15,11632.64,11729.92,11176.96,11297.28,11297.28,91400,VXX.csv
2011-11-17,11937.28,12654.08,11814.4,12400.64,12400.64,140800,VXX.csv
2011-11-18,12072.96,12416.0,11985.92,12003.84,12003.84,98100,VXX.csv
2011-11-21,12615.68,12674.56,12060.16,12170.24,12170.24,105500,VXX.csv
2011-11-22,12231.68,12341.76,11863.04,11883.52,11883.52,94200,VXX.csv
2011-11-23,12167.68,12451.84,12088.32,12441.6,12441.6,82800,VXX.csv
2011-11-25,12474.88,12633.6,12211.2,12595.2,12595.2,39000,VXX.csv
2011-11-28,11742.72,12116.48,11632.64,11985.92,11985.92,63200,VXX.csv
2011-11-29,11870.72,12024.32,11630.08,11745.28,11745.28,66200,VXX.csv
2011-11-30,10969.6,11056.64,10659.84,10703.36,10703.36,61000,VXX.csv
2011-12-01,10744.32,10782.72,10378.24,10449.92,10449.92,56000,VXX.csv
2011-12-02,10165.76,10462.72,9984.0,10442.24,10442.24,67100,VXX.csv
2011-12-05,9971.2,10539.52,9960.96,10416.64,10416.64,68100,VXX.csv
2011-12-06,10408.96,10488.32,10240.0,10378.24,10378.24,44900,VXX.csv
2011-12-07,10508.8,10941.44,10496.0,10682.88,10682.88,64800,VXX.csv
2011-12-08,11015.68,11276.8,10895.36,11189.76,11189.76,72400,VXX.csv
2011-12-12,10613.76,10833.92,10444.8,10449.92,10449.92,56200,VXX.csv
2011-12-13,10232.32,10611.2,10001.92,10396.16,10396.16,85000,VXX.csv
2011-12-14,10398.72,10664.96,10242.56,10437.12,10437.12,72500,VXX.csv
2011-12-15,10053.12,10176.0,9902.08,10019.84,10019.84,55700,VXX.csv
2011-12-16,9702.4,10109.44,9689.6,9984.0,9984.0,60600,VXX.csv
2011-12-19,9879.04,9966.08,9664.0,9879.04,9879.04,60700,VXX.csv
2011-12-20,9428.48,9443.84,9249.28,9272.32,9272.32,50200,VXX.csv
2011-12-21,9177.6,9315.84,8637.44,8642.56,8642.56,70100,VXX.csv
2011-12-22,8455.68,8762.88,8284.16,8660.48,8660.48,53400,VXX.csv
2011-12-23,8578.56,8949.76,8532.48,8880.64,8880.64,34000,VXX.csv
2011-12-27,8847.36,8888.32,8704.0,8803.84,8803.84,21400,VXX.csv
2011-12-28,8757.76,9210.88,8742.4,9185.28,9185.28,40200,VXX.csv
2011-12-29,9098.24,9111.04,8934.4,8954.88,8954.88,24300,VXX.csv
2011-12-30,8939.52,9116.16,8901.12,9095.68,9095.68,19600,VXX.csv
2012-01-03,8680.96,8737.28,8550.4,8619.52,8619.52,39000,VXX.csv
2012-01-04,8734.72,8829.44,8432.64,8450.56,8450.56,43200,VXX.csv
2012-01-05,8563.2,8655.36,8243.2,8256.0,8256.0,41500,VXX.csv
2012-01-06,8199.68,8355.84,8038.4,8130.56,8130.56,56600,VXX.csv
2012-01-09,8056.32,8128.0,7951.36,8012.8,8012.8,37400,VXX.csv
2012-01-10,7759.36,7889.92,7682.56,7843.84,7843.84,51700,VXX.csv
2012-01-11,7915.52,7997.44,7877.12,7976.96,7976.96,45500,VXX.csv
2012-01-13,8023.04,8309.76,8020.48,8061.44,8061.44,82400,VXX.csv
2012-01-17,7802.88,8058.88,7674.88,7992.32,7992.32,63900,VXX.csv
2012-01-18,7951.36,8046.08,7695.36,7718.4,7718.4,61700,VXX.csv
2012-01-19,7590.4,7697.92,7482.88,7503.36,7503.36,67700,VXX.csv
2012-01-20,7539.2,7585.28,7255.04,7275.52,7275.52,67300,VXX.csv
2012-01-23,7265.28,7316.48,7040.0,7096.32,7096.32,86900,VXX.csv
2012-01-25,7121.92,7214.08,6794.24,6822.4,6822.4,98900,VXX.csv
2012-01-26,6681.6,6924.8,6653.44,6819.84,6819.84,83300,VXX.csv
2012-01-27,6919.68,6929.92,6648.32,6673.92,6673.92,65800,VXX.csv
2012-01-31,6735.36,6945.28,6689.28,6876.16,6876.16,69800,VXX.csv
2012-02-02,6576.64,6609.92,6476.8,6484.48,6484.48,72800,VXX.csv
2012-02-03,6215.68,6287.36,6131.2,6141.44,6141.44,95900,VXX.csv
2012-02-07,6092.8,6208.0,6062.08,6131.2,6131.2,75300,VXX.csv
2012-02-08,6123.52,6305.28,6092.8,6266.88,6266.88,86200,VXX.csv
2012-02-09,6295.04,6584.32,6246.4,6571.52,6571.52,110200,VXX.csv
2012-02-10,6919.68,7541.76,6853.12,7134.72,7134.72,187600,VXX.csv
2012-02-13,6748.16,6850.56,6584.32,6594.56,6594.56,125800,VXX.csv
2012-02-14,6684.16,7208.96,6679.04,6789.12,6789.12,177200,VXX.csv
2012-02-15,6850.56,7229.44,6845.44,7173.12,7173.12,181400,VXX.csv
2012-02-16,7347.2,7477.76,6871.04,6896.64,6896.64,164500,VXX.csv
2012-02-17,6781.44,6983.68,6722.56,6809.6,6809.6,107900,VXX.csv
2012-02-21,6717.44,6899.2,6707.2,6799.36,6799.36,121100,VXX.csv
2012-02-22,6842.88,6863.36,6594.56,6607.36,6607.36,154600,VXX.csv
2012-02-23,6615.04,6681.6,6131.2,6177.28,6177.28,139400,VXX.csv
2012-02-24,6095.36,6448.64,6049.28,6412.8,6412.8,145300,VXX.csv
2012-02-27,6640.64,6671.36,6269.44,6479.36,6479.36,135000,VXX.csv
2012-02-28,6548.48,6561.28,6364.16,6389.76,6389.76,104600,VXX.csv
2012-02-29,6282.24,6443.52,6161.92,6277.12,6277.12,172100,VXX.csv
2012-03-01,6243.84,6284.8,6123.52,6179.84,6179.84,130000,VXX.csv
2012-03-02,6161.92,6269.44,6113.28,6215.68,6215.68,105500,VXX.csv
2012-03-05,6251.52,6323.2,6156.8,6192.64,6192.64,121200,VXX.csv
2012-03-06,6586.88,6720.0,6456.32,6663.68,6663.68,201400,VXX.csv
2012-03-08,6174.72,6210.56,6054.4,6092.8,6092.8,115200,VXX.csv
2012-03-09,6005.76,6021.12,5847.04,5975.04,5975.04,141500,VXX.csv
2012-03-12,5890.56,5905.92,5680.64,5701.12,5701.12,142900,VXX.csv
2012-03-13,5532.16,5593.6,5393.92,5440.0,5440.0,206100,VXX.csv
2012-03-14,5399.04,5757.44,5381.12,5616.64,5616.64,213900,VXX.csv
2012-03-15,5675.52,5747.2,5527.04,5534.72,5534.72,148100,VXX.csv
2012-03-16,5498.88,5588.48,5473.28,5519.36,5519.36,146000,VXX.csv
2012-03-20,5306.88,5345.28,4943.36,4945.92,4945.92,194400,VXX.csv
2012-03-21,4846.08,4915.2,4643.84,4700.16,4700.16,220900,VXX.csv
2012-03-22,4912.64,4994.56,4697.6,4756.48,4756.48,239600,VXX.csv
2012-03-23,4723.2,4805.12,4408.32,4428.8,4428.8,263800,VXX.csv
2012-03-26,4257.28,4262.4,3985.92,4011.52,4011.52,215800,VXX.csv
2012-03-27,4078.08,4416.0,4055.04,4403.2,4403.2,187600,VXX.csv
2012-03-28,4400.64,4825.6,4328.96,4436.48,4436.48,291600,VXX.csv
2012-03-29,4712.96,4712.96,4369.92,4413.44,4413.44,219000,VXX.csv
2012-03-30,4234.24,4410.88,4224.0,4295.68,4295.68,172700,VXX.csv
2012-04-02,4326.4,4346.88,4144.64,4298.24,4298.24,140300,VXX.csv
2012-04-03,4277.76,4503.04,4241.92,4377.6,4377.6,176500,VXX.csv
2012-04-04,4595.2,4697.6,4431.36,4474.88,4474.88,208500,VXX.csv
2012-04-09,4846.08,4864.0,4672.0,4858.88,4858.88,159000,VXX.csv
2012-04-10,4884.48,5260.8,4815.36,5248.0,5248.0,301100,VXX.csv
2012-04-11,4989.44,5155.84,4928.0,5130.24,5130.24,190000,VXX.csv
2012-04-12,5056.0,5084.16,4659.2,4687.36,4687.36,210600,VXX.csv
2012-04-13,4669.44,4945.92,4664.32,4938.24,4938.24,212100,VXX.csv
2012-04-16,4761.6,5025.28,4712.96,4861.44,4861.44,198900,VXX.csv
2012-04-17,4689.92,4710.4,4536.32,4605.44,4605.44,180300,VXX.csv
2012-04-18,4646.4,4723.2,4541.44,4672.0,4672.0,170200,VXX.csv
2012-04-20,4600.32,4608.0,4497.92,4549.12,4549.12,161400,VXX.csv
2012-04-23,4779.52,4871.68,4669.44,4700.16,4700.16,178800,VXX.csv
2012-04-24,4674.56,4705.28,4584.96,4584.96,4584.96,114700,VXX.csv
2012-04-25,4403.2,4421.12,4293.12,4305.92,4305.92,171800,VXX.csv
2012-04-26,4313.6,4336.64,4116.48,4154.88,4154.88,156100,VXX.csv
2012-04-27,4142.08,4229.12,4108.8,4144.64,4144.64,151400,VXX.csv
2012-04-30,4198.4,4264.96,4167.68,4236.8,4236.8,113700,VXX.csv
2012-05-02,4195.84,4239.36,4101.12,4144.64,4144.64,116600,VXX.csv
2012-05-03,4108.8,4288.0,4080.64,4234.24,4234.24,146400,VXX.csv
2012-05-04,4275.2,4480.0,4259.84,4410.88,4410.88,179600,VXX.csv
2012-05-07,4518.4,4531.2,4293.12,4341.76,4341.76,142300,VXX.csv
2012-05-08,4431.36,4659.2,4357.12,4382.72,4382.72,235500,VXX.csv
2012-05-09,4597.76,4684.8,4405.76,4544.0,4544.0,234900,VXX.csv
2012-05-10,4413.44,4474.88,4349.44,4405.76,4405.76,150800,VXX.csv
2012-05-11,4520.96,4528.64,4328.96,4474.88,4474.88,140100,VXX.csv
2012-05-14,4664.32,4736.0,4597.76,4723.2,4723.2,204100,VXX.csv
2012-05-15,4743.68,4984.32,4654.08,4974.08,4974.08,224300,VXX.csv
2012-05-16,4889.6,5158.4,4807.68,5137.92,5137.92,233000,VXX.csv
2012-05-17,5099.52,5386.24,5032.96,5376.0,5376.0,297800,VXX.csv
2012-05-18,5345.28,5834.24,5306.88,5724.16,5724.16,350900,VXX.csv
2012-05-21,5701.12,5780.48,5091.84,5094.4,5094.4,291800,VXX.csv
2012-05-22,5038.08,5445.12,4805.12,5276.16,5276.16,208800,VXX.csv
2012-05-23,5416.96,5580.8,5130.24,5189.12,5189.12,355300,VXX.csv
2012-05-24,5153.28,5427.2,5117.44,5227.52,5227.52,226000,VXX.csv
2012-05-25,5222.4,5255.68,5145.6,5173.76,5173.76,139900,VXX.csv
2012-05-29,5020.16,5120.0,4907.52,4920.32,4920.32,170500,VXX.csv
2012-05-30,5058.56,5263.36,5058.56,5260.8,5260.8,203100,VXX.csv
2012-05-31,5304.32,5575.68,5148.16,5329.92,5329.92,248900,VXX.csv
2012-06-01,5731.84,5798.4,5573.12,5780.48,5780.48,297800,VXX.csv
2012-06-04,5662.72,5857.28,5529.6,5547.52,5547.52,234100,VXX.csv
2012-06-05,5601.28,5608.96,5381.12,5419.52,5419.52,183000,VXX.csv
2012-06-06,5255.68,5299.2,5027.84,5030.4,5030.4,185300,VXX.csv
2012-06-07,4807.68,5015.04,4776.96,4981.76,4981.76,231400,VXX.csv
2012-06-08,5009.92,5038.08,4710.4,4710.4,4710.4,176000,VXX.csv
2012-06-11,4544.0,5122.56,4510.72,5107.2,5107.2,233400,VXX.csv
2012-06-12,5068.8,5245.44,4986.88,5017.6,5017.6,244400,VXX.csv
2012-06-13,5140.48,5358.08,4997.12,5276.16,5276.16,216900,VXX.csv
2012-06-14,5232.64,5314.56,4940.8,4948.48,4948.48,241700,VXX.csv
2012-06-15,4899.84,4971.52,4648.96,4733.44,4733.44,188200,VXX.csv
2012-06-18,4707.84,4751.36,4331.52,4344.32,4344.32,254200,VXX.csv
2012-06-19,4190.72,4321.28,4165.12,4257.28,4257.28,199000,VXX.csv
2012-06-20,4249.6,4416.0,4072.96,4078.08,4078.08,266400,VXX.csv
2012-06-21,4078.08,4533.76,4034.56,4531.2,4531.2,259700,VXX.csv
2012-06-22,4362.24,4441.6,4044.8,4067.84,4067.84,215900,VXX.csv
2012-06-26,4267.52,4441.6,4208.64,4267.52,4267.52,168300,VXX.csv
2012-06-27,4200.96,4311.04,4142.08,4303.36,4303.36,117800,VXX.csv
2012-06-28,4344.32,4428.8,4157.44,4162.56,4162.56,195300,VXX.csv
2012-06-29,3924.48,3988.48,3868.16,3893.76,3893.76,211100,VXX.csv
2012-07-02,3806.72,3857.92,3627.52,3640.32,3640.32,204000,VXX.csv
2012-07-03,3614.72,3622.4,3507.2,3558.4,3558.4,108700,VXX.csv
2012-07-05,3581.44,3727.36,3581.44,3686.4,3686.4,169500,VXX.csv
2012-07-06,3791.36,3796.48,3637.76,3650.56,3650.56,135200,VXX.csv
2012-07-09,3627.52,3712.0,3578.88,3619.84,3619.84,110000,VXX.csv
2012-07-10,3560.96,3783.68,3507.2,3719.68,3719.68,177300,VXX.csv
2012-07-11,3709.44,3773.44,3560.96,3599.36,3599.36,152800,VXX.csv
2012-07-13,3576.32,3581.44,3415.04,3417.6,3417.6,174400,VXX.csv
2012-07-16,3409.92,3456.0,3343.36,3374.08,3374.08,116800,VXX.csv
2012-07-17,3325.44,3422.72,3230.72,3251.2,3251.2,182400,VXX.csv
2012-07-18,3274.24,3312.64,3200.0,3289.6,3289.6,137900,VXX.csv
2012-07-20,3312.64,3415.04,3264.0,3379.2,3379.2,173000,VXX.csv
2012-07-23,3653.12,3768.32,3537.92,3599.36,3599.36,222600,VXX.csv
2012-07-24,3601.92,3863.04,3591.68,3752.96,3752.96,209300,VXX.csv
2012-07-25,3735.04,3865.6,3637.76,3699.2,3699.2,159200,VXX.csv
2012-07-26,3471.36,3550.72,3409.92,3417.6,3417.6,180000,VXX.csv
2012-07-27,3276.8,3368.96,3256.32,3325.44,3325.44,168200,VXX.csv
2012-07-31,3461.12,3499.52,3392.0,3491.84,3491.84,114200,VXX.csv
2012-08-01,3425.28,3496.96,3371.52,3415.04,3415.04,166900,VXX.csv
2012-08-02,3496.96,3540.48,3335.68,3335.68,3335.68,199500,VXX.csv
2012-08-03,3210.24,3233.28,3107.84,3112.96,3112.96,168500,VXX.csv
2012-08-06,3066.88,3084.8,3000.32,3036.16,3036.16,116600,VXX.csv
2012-08-07,2992.64,3128.32,2972.16,3128.32,3128.32,112200,VXX.csv
2012-08-08,3110.4,3136.0,2987.52,2997.76,2997.76,128500,VXX.csv
2012-08-09,3015.68,3061.76,2946.56,2977.28,2977.28,121300,VXX.csv
2012-08-13,2938.88,2946.56,2849.28,2849.28,2849.28,136600,VXX.csv
2012-08-14,2867.2,3013.12,2851.84,3008.0,3008.0,162600,VXX.csv
2012-08-15,3013.12,3028.48,2933.76,3008.0,3008.0,110000,VXX.csv
2012-08-17,2918.4,2959.36,2844.16,2867.2,2867.2,146000,VXX.csv
2012-08-21,2828.8,2969.6,2821.12,2944.0,2944.0,186900,VXX.csv
2012-08-22,2997.76,3028.48,2931.2,2969.6,2969.6,192400,VXX.csv
2012-08-24,3061.76,3069.44,2880.0,2900.48,2900.48,143000,VXX.csv
2012-08-27,2877.44,2933.76,2851.84,2928.64,2928.64,112800,VXX.csv
2012-08-28,2967.04,2987.52,2920.96,2979.84,2979.84,121400,VXX.csv
2012-08-30,3054.08,3082.24,3015.68,3051.52,3051.52,119600,VXX.csv
2012-08-31,2997.76,3066.88,2926.08,2946.56,2946.56,185400,VXX.csv
2012-09-04,2961.92,3013.12,2920.96,2926.08,2926.08,133400,VXX.csv
2012-09-05,2915.84,2928.64,2831.36,2846.72,2846.72,159400,VXX.csv
2012-09-06,2787.84,2787.84,2547.2,2554.88,2554.88,288900,VXX.csv
2012-09-07,2506.24,2511.36,2398.72,2408.96,2408.96,228600,VXX.csv
2012-09-10,2444.8,2547.2,2365.44,2542.08,2542.08,190800,VXX.csv
2012-09-11,2531.84,2562.56,2460.16,2524.16,2524.16,191300,VXX.csv
2012-09-12,2467.84,2536.96,2434.56,2452.48,2452.48,153700,VXX.csv
2012-09-14,2227.2,2362.88,2188.8,2350.08,2350.08,242900,VXX.csv
2012-09-17,2388.48,2391.04,2321.92,2321.92,2321.92,146600,VXX.csv
2012-09-18,2344.96,2365.44,2257.92,2268.16,2268.16,150200,VXX.csv
2012-09-19,2224.64,2278.4,2219.52,2265.6,2265.6,152200,VXX.csv
2012-09-20,2283.52,2324.48,2240.0,2240.0,2240.0,198300,VXX.csv
2012-09-21,2242.56,2263.04,2193.92,2227.2,2227.2,169000,VXX.csv
2012-09-25,2170.88,2368.0,2168.32,2368.0,2368.0,217400,VXX.csv
2012-09-26,2406.4,2503.68,2370.56,2449.92,2449.92,281700,VXX.csv
2012-09-27,2373.12,2411.52,2227.2,2234.88,2234.88,216800,VXX.csv
2012-09-28,2280.96,2321.92,2229.76,2304.0,2304.0,197200,VXX.csv
2012-10-01,2245.12,2339.84,2186.24,2327.04,2327.04,153900,VXX.csv
2012-10-02,2291.2,2357.76,2273.28,2273.28,2273.28,136700,VXX.csv
2012-10-04,2245.12,2265.6,2214.4,2214.4,2214.4,38800,VXX.csv
2012-10-05,2144.64,2209.92,2119.68,2183.68,2183.68,606200,VXX.csv
2012-10-08,2213.12,2230.4,2186.24,2209.28,2209.28,214100,VXX.csv
2012-10-10,2277.12,2328.32,2261.12,2275.2,2275.2,471500,VXX.csv
2012-10-11,2239.36,2261.12,2213.12,2240.64,2240.64,207000,VXX.csv
2012-10-12,2209.28,2280.96,2188.16,2264.32,2264.32,255800,VXX.csv
2012-10-15,2246.4,2293.12,2181.12,2190.08,2190.08,420100,VXX.csv
2012-10-16,2149.12,2167.68,2126.08,2136.96,2136.96,335300,VXX.csv
2012-10-22,2230.4,2300.16,2209.28,2211.2,2211.2,477400,VXX.csv
2012-10-23,2332.8,2412.8,2318.08,2384.64,2384.64,675200,VXX.csv
2012-10-25,2314.88,2391.04,2301.44,2334.72,2334.72,480000,VXX.csv
2012-10-31,2277.76,2395.52,2274.56,2368.64,2368.64,400900,VXX.csv
2012-11-01,2348.8,2353.92,2175.36,2179.2,2179.2,469300,VXX.csv
2012-11-02,2148.48,2245.76,2140.16,2235.52,2235.52,517600,VXX.csv
2012-11-05,2263.04,2333.44,2251.52,2275.84,2275.84,407300,VXX.csv
2012-11-08,2360.96,2395.52,2305.92,2380.16,2380.16,645500,VXX.csv
2012-11-09,2405.76,2408.96,2304.64,2379.52,2379.52,599700,VXX.csv
2012-11-12,2351.36,2353.28,2219.52,2226.56,2226.56,362300,VXX.csv
2012-11-13,2275.2,2292.48,2171.52,2230.4,2230.4,470800,VXX.csv
2012-11-14,2166.4,2341.12,2160.0,2304.0,2304.0,586200,VXX.csv
2012-11-15,2302.72,2399.36,2259.84,2324.48,2324.48,698100,VXX.csv
2012-11-19,2140.8,2142.08,2025.6,2028.8,2028.8,500100,VXX.csv
2012-11-20,2005.12,2040.32,1988.48,1994.24,1994.24,372700,VXX.csv
2012-11-23,1958.4,1976.96,1920.0,1920.0,1920.0,202900,VXX.csv
2012-11-27,1890.56,1949.44,1875.2,1943.04,1943.04,439300,VXX.csv
2012-11-28,1975.68,2015.36,1882.24,1884.16,1884.16,579000,VXX.csv
2012-11-29,1859.2,1904.64,1851.52,1862.4,1862.4,446000,VXX.csv
2012-12-04,1944.96,1993.6,1919.36,1962.88,1962.88,444200,VXX.csv
2012-12-06,1931.52,1971.2,1924.48,1954.56,1954.56,308000,VXX.csv
2012-12-12,1838.72,1898.24,1829.12,1892.48,1892.48,342900,VXX.csv
2012-12-13,1887.36,1958.4,1878.4,1928.32,1928.32,358000,VXX.csv
2012-12-14,1936.64,1966.08,1926.4,1941.12,1941.12,304100,VXX.csv
2012-12-18,1845.12,1853.44,1788.16,1801.6,1801.6,396800,VXX.csv
2012-12-19,1800.32,1909.76,1799.68,1906.56,1906.56,415400,VXX.csv
2012-12-20,1901.44,1965.44,1888.64,1949.44,1949.44,403400,VXX.csv
2012-12-21,2113.28,2120.32,2049.28,2082.56,2082.56,688200,VXX.csv
2012-12-24,2048.64,2074.88,2039.68,2045.44,2045.44,160400,VXX.csv
2012-12-26,2081.28,2163.84,2076.16,2159.36,2159.36,349000,VXX.csv
2012-12-27,2154.24,2296.32,2131.84,2157.44,2157.44,671100,VXX.csv
2012-12-28,2228.48,2282.88,2170.88,2267.52,2267.52,574900,VXX.csv
2012-12-31,2329.6,2354.56,2009.6,2035.84,2035.84,920600,VXX.csv
2013-01-02,1834.88,1890.56,1793.92,1795.2,1795.2,579500,VXX.csv
2013-01-08,1749.12,1780.48,1733.76,1739.52,1739.52,422500,VXX.csv
2013-01-09,1712.0,1758.72,1708.16,1743.36,1743.36,341200,VXX.csv
2013-01-16,1652.48,1662.08,1614.08,1631.36,1631.36,384900,VXX.csv
2013-01-17,1609.6,1640.32,1603.2,1640.32,1640.32,368300,VXX.csv
2013-01-22,1536.64,1565.44,1482.88,1491.2,1491.2,468100,VXX.csv
2013-01-23,1489.92,1495.68,1442.56,1450.88,1450.88,501300,VXX.csv
2013-01-24,1459.84,1542.4,1436.8,1459.2,1459.2,786700,VXX.csv
2013-01-29,1530.88,1541.12,1451.52,1463.04,1463.04,569600,VXX.csv
2013-01-30,1496.96,1557.12,1479.04,1553.28,1553.28,636900,VXX.csv
2013-01-31,1564.8,1575.04,1524.48,1557.76,1557.76,460900,VXX.csv
2013-02-01,1496.96,1498.88,1459.84,1477.76,1477.76,652100,VXX.csv
2013-02-07,1487.36,1561.6,1482.88,1501.44,1501.44,800300,VXX.csv
2013-02-15,1404.16,1438.08,1397.76,1406.08,1406.08,593700,VXX.csv
2013-02-20,1350.4,1468.16,1348.48,1461.12,1461.12,885500,VXX.csv
2013-02-21,1462.4,1541.12,1461.12,1489.28,1489.28,1100000,VXX.csv
2013-02-25,1389.44,1651.2,1370.88,1635.84,1635.84,1558400,VXX.csv
2013-02-26,1617.92,1715.84,1569.28,1595.52,1595.52,1788700,VXX.csv
2013-02-28,1483.52,1534.08,1459.84,1534.08,1534.08,885600,VXX.csv
2013-03-01,1602.56,1639.68,1530.24,1557.12,1557.12,1227800,VXX.csv
2013-03-05,1426.56,1442.56,1416.32,1425.92,1425.92,794100,VXX.csv
2013-03-08,1379.2,1425.28,1375.36,1384.32,1384.32,788600,VXX.csv
2013-03-12,1329.28,1388.8,1320.32,1347.2,1347.2,981000,VXX.csv
2013-03-18,1397.12,1400.96,1324.8,1381.12,1381.12,1169500,VXX.csv
2013-03-19,1351.68,1455.36,1345.28,1381.12,1381.12,1648500,VXX.csv
2013-04-04,1301.76,1336.32,1281.92,1281.92,1281.92,827800,VXX.csv
2013-04-05,1356.16,1361.28,1285.76,1287.04,1287.04,945300,VXX.csv
2013-04-08,1276.8,1295.36,1249.92,1251.2,1251.2,680100,VXX.csv
2013-04-09,1240.32,1262.08,1221.76,1234.56,1234.56,671900,VXX.csv
2013-04-16,1256.32,1278.72,1207.04,1209.6,1209.6,1084600,VXX.csv
2013-04-18,1347.2,1442.56,1344.64,1410.56,1410.56,1610000,VXX.csv
2013-04-19,1389.44,1397.76,1297.28,1308.16,1308.16,1023900,VXX.csv
2013-04-22,1315.84,1346.56,1264.64,1279.36,1279.36,897300,VXX.csv
2013-04-23,1239.04,1327.36,1209.6,1214.72,1214.72,933300,VXX.csv
2013-04-26,1246.08,1260.8,1226.88,1231.36,1231.36,634600,VXX.csv
2013-04-29,1212.16,1234.56,1203.2,1225.6,1225.6,456600,VXX.csv
2013-05-03,1194.88,1217.92,1189.12,1196.16,1196.16,538500,VXX.csv
2013-05-07,1159.04,1181.44,1153.28,1164.16,1164.16,496200,VXX.csv
2013-05-23,1249.92,1252.48,1193.6,1201.92,1201.92,979500,VXX.csv
2013-05-24,1216.64,1224.96,1196.8,1198.72,1198.72,561700,VXX.csv
2013-05-28,1165.44,1186.56,1158.4,1169.28,1169.28,592900,VXX.csv
2013-06-05,1261.44,1297.92,1249.28,1290.24,1290.24,1168900,VXX.csv
2013-06-06,1302.4,1361.92,1274.88,1276.16,1276.16,1234400,VXX.csv
2013-06-07,1239.68,1258.88,1214.08,1218.56,1218.56,983100,VXX.csv
2013-06-10,1201.92,1224.32,1198.08,1201.92,1201.92,651600,VXX.csv
2013-06-11,1253.76,1291.52,1230.08,1281.28,1281.28,980600,VXX.csv
2013-06-13,1358.08,1376.0,1285.12,1294.08,1294.08,1147000,VXX.csv
2013-06-14,1297.28,1334.4,1268.48,1330.56,1330.56,1089600,VXX.csv
2013-06-20,1338.24,1473.92,1331.2,1434.24,1434.24,2134400,VXX.csv
2013-06-21,1385.6,1460.48,1368.96,1379.84,1379.84,1809300,VXX.csv
2013-06-24,1451.52,1480.96,1416.32,1459.84,1459.84,1546400,VXX.csv
2013-06-25,1416.32,1449.6,1408.64,1418.88,1418.88,1022800,VXX.csv
2013-06-26,1384.32,1415.68,1382.4,1387.52,1387.52,811400,VXX.csv
2013-06-27,1352.96,1365.12,1329.92,1331.84,1331.84,709700,VXX.csv
2013-07-01,1304.96,1308.16,1260.16,1283.84,1283.84,688900,VXX.csv
2013-07-05,1255.04,1273.6,1219.84,1219.84,1219.84,702600,VXX.csv
2013-07-08,1187.84,1192.96,1159.04,1165.44,1165.44,845600,VXX.csv
2013-07-09,1135.36,1150.72,1128.32,1141.76,1141.76,713000,VXX.csv
2013-07-11,1093.12,1112.32,1088.0,1099.52,1099.52,564400,VXX.csv
2013-07-18,1067.52,1071.36,1044.48,1057.92,1057.92,573700,VXX.csv
2013-07-22,1028.48,1040.0,1009.28,1013.12,1013.12,528200,VXX.csv
2013-07-25,1031.68,1033.6,992.64,995.84,995.84,470100,VXX.csv
2013-08-01,939.52,944.64,930.56,934.4,934.4,524100,VXX.csv
2013-08-07,940.8,961.28,929.92,936.96,936.96,566100,VXX.csv
2013-08-12,954.88,955.52,925.44,929.28,929.28,358100,VXX.csv
2013-08-13,920.32,941.44,914.56,920.96,920.96,469500,VXX.csv
2013-08-15,960.0,979.2,955.52,976.64,976.64,820500,VXX.csv
2013-08-27,1024.0,1063.68,1009.28,1057.92,1057.92,1181600,VXX.csv
2013-08-28,1065.6,1079.04,1038.08,1054.72,1054.72,927700,VXX.csv
2013-09-06,1008.64,1060.48,1006.08,1031.68,1031.68,919800,VXX.csv
2013-09-10,964.48,971.52,956.16,956.8,956.8,955200,VXX.csv
2013-09-12,923.52,943.36,910.08,940.8,940.8,606300,VXX.csv
2013-09-19,862.08,879.36,858.88,869.12,869.12,634400,VXX.csv
2013-09-30,949.12,952.96,917.12,940.8,940.8,861000,VXX.csv
2013-10-04,983.04,995.2,957.44,963.84,963.84,749500,VXX.csv
2013-10-08,1037.44,1099.52,1032.32,1085.44,1085.44,1610200,VXX.csv
2013-10-09,1084.8,1114.24,1032.96,1047.68,1047.68,1558700,VXX.csv
2013-10-10,1008.64,1009.28,944.0,945.28,945.28,1409600,VXX.csv
2013-10-11,947.2,950.4,913.28,929.92,929.92,969100,VXX.csv
2013-10-17,892.8,893.44,832.0,832.64,832.64,857600,VXX.csv
2013-10-18,819.2,839.68,807.04,823.04,823.04,1199300,VXX.csv
2013-10-23,841.6,862.72,835.2,837.12,837.12,923500,VXX.csv
2013-11-21,738.08,739.36,715.68,721.92,721.92,2223300,VXX.csv
2013-12-12,750.24,772.16,744.64,756.96,756.96,1907000,VXX.csv
2013-12-19,707.68,712.96,700.48,709.28,709.28,1560800,VXX.csv
2014-01-27,714.4,774.4,701.12,726.24,726.24,4688000,VXX.csv
2014-01-31,801.6,802.56,759.68,792.16,792.16,4419900,VXX.csv
2014-02-04,834.08,848.16,817.92,829.28,829.28,3307600,VXX.csv
2014-02-07,755.2,758.4,712.96,727.36,727.36,2502800,VXX.csv
2014-03-03,743.2,757.76,723.04,740.48,740.48,3269500,VXX.csv
2014-03-04,699.52,702.4,689.28,691.84,691.84,2468400,VXX.csv
2014-03-14,752.32,770.72,738.24,758.4,758.4,3579200,VXX.csv
2014-03-18,705.92,710.56,692.96,694.4,694.4,2292600,VXX.csv
2014-04-07,676.0,694.56,671.04,684.8,684.8,2645100,VXX.csv
2014-04-11,703.52,725.76,693.28,716.0,716.0,3519600,VXX.csv
2014-08-06,550.24,551.52,520.8,542.56,542.56,3617600,VXX.csv
2014-08-11,520.8,523.36,496.32,509.6,509.6,2305000,VXX.csv
2014-09-17,444.0,448.0,432.64,442.08,442.08,3270300,VXX.csv
2014-10-09,478.72,517.28,475.52,515.36,515.36,5381100,VXX.csv
2014-10-10,518.56,574.24,507.84,573.6,573.6,6601600,VXX.csv
2014-10-13,563.84,634.56,554.24,632.96,632.96,6666600,VXX.csv
2014-10-14,615.84,647.04,584.0,622.88,622.88,7765900,VXX.csv
2014-10-15,665.28,708.0,626.88,630.56,630.56,9794000,VXX.csv
2014-10-16,708.16,713.6,629.76,645.28,645.28,7771400,VXX.csv
2014-10-17,600.48,630.72,590.4,617.28,617.28,5899900,VXX.csv
2014-10-21,548.48,552.96,524.48,527.84,527.84,3544400,VXX.csv
2014-12-03,425.92,429.28,422.4,424.32,424.32,1380400,VXX.csv
2014-12-09,456.16,464.0,435.36,439.04,439.04,2973000,VXX.csv
2014-12-11,478.72,515.04,458.4,514.24,514.24,4840600,VXX.csv
2014-12-12,536.16,545.76,509.6,542.24,542.24,5801800,VXX.csv
2014-12-18,474.08,496.96,472.32,482.72,482.72,2854500,VXX.csv
2015-01-14,577.28,582.88,559.04,561.92,561.92,66549900,VXX.csv
2015-01-22,520.0,540.16,499.84,500.8,500.8,54666100,VXX.csv
2015-01-29,554.72,574.4,532.48,536.0,536.0,66410300,VXX.csv
2015-02-09,558.72,563.52,549.12,551.52,551.52,35251200,VXX.csv
2015-07-06,334.56,337.6,320.16,327.52,327.52,72602400,VXX.csv
2015-08-24,434.4,451.52,344.96,390.24,390.24,269712500,VXX.csv
2015-08-25,349.12,426.24,347.52,424.16,424.16,129589000,VXX.csv
2015-08-26,389.12,434.72,381.6,385.92,385.92,143898300,VXX.csv
2015-08-28,408.0,433.76,401.76,413.76,413.76,123925900,VXX.csv
2015-09-01,468.64,503.68,456.32,492.16,492.16,8491600,VXX.csv
2015-09-03,425.92,449.92,407.36,437.12,437.12,71934700,VXX.csv
2015-09-04,457.92,479.68,447.52,469.12,469.12,94792700,VXX.csv
2015-09-09,404.96,440.96,404.16,437.6,437.6,89384800,VXX.csv
2015-09-10,450.72,452.96,426.4,426.88,426.88,5144000,VXX.csv
2015-09-16,361.92,373.76,352.16,353.44,353.44,57173100,VXX.csv
2015-09-18,385.76,399.84,372.16,394.4,394.4,88323800,VXX.csv
2015-09-28,415.52,440.64,411.68,429.44,429.44,89946100,VXX.csv
2015-10-05,376.48,377.6,360.0,362.24,362.24,3240600,VXX.csv
2015-11-17,312.16,338.88,310.4,333.28,333.28,3423900,VXX.csv
2015-12-15,334.24,345.6,327.2,332.16,332.16,4705100,VXX.csv
2016-01-14,399.52,418.4,378.08,388.64,388.64,7039500,VXX.csv
2016-01-15,431.68,442.24,415.36,427.2,427.2,155308700,VXX.csv
2016-01-20,441.44,475.36,428.64,438.56,438.56,158844900,VXX.csv
2016-02-08,437.92,460.0,433.6,441.92,441.92,105675200,VXX.csv
2016-02-11,479.52,493.6,466.08,476.48,476.48,8128700,VXX.csv
2016-02-24,419.68,426.4,398.08,400.32,400.32,77017800,VXX.csv
2016-06-24,260.0,275.2,239.2,269.28,269.28,180327400,VXX.csv
2008-09-19,142.51,144.98,116.0,129.8,115.48644,43208300,GS.csv
2008-10-10,86.11,99.4,74.0,88.8,79.00766,71312700,GS.csv
2013-11-22,278.0,289.97,274.98,285.62,285.62,4698000,BIIB.csv
2014-03-24,320.2,322.0,300.32,312.6,312.6,3748000,BIIB.csv
2015-03-20,475.92,480.18,456.06,475.98,475.98,10643200,BIIB.csv
2015-07-24,327.0,327.0,299.76,300.03,300.03,16634100,BIIB.csv
2015-08-24,269.05,295.15,265.0,278.35,278.35,5879900,BIIB.csv
2008-04-18,267.87286,274.1241,262.64764,269.97498,269.97498,36434700,GOOGL.csv
2013-10-18,488.77878,508.23825,487.4875,506.2112,506.2112,23109600,GOOGL.csv
2014-04-07,544.79,549.85,530.53,540.63,540.63,3961600,GOOGL.csv
2014-04-11,537.94,547.59,533.4,537.76,537.76,3174700,GOOGL.csv
2015-07-17,680.0,703.0,678.0,699.62,699.62,12858100,GOOGL.csv
2015-08-11,699.58,704.0,684.32,690.3,690.3,5264100,GOOGL.csv
2015-08-24,600.6,627.68,593.09,618.11,618.11,6489400,GOOGL.csv
2015-08-25,646.47,647.0,611.67,612.47,612.47,3571500,GOOGL.csv
2015-10-23,750.06,752.5,717.94,719.33,719.33,6336300,GOOGL.csv
2015-10-26,720.02,734.95,720.02,731.12,731.12,2438800,GOOGL.csv
2016-02-04,744.59,745.24,722.6,730.03,730.03,5214800,GOOGL.csv
2016-02-08,687.68,704.52,682.01,704.16,704.16,4470500,GOOGL.csv
2016-04-22,743.91,753.92,730.37,737.77,737.77,7039900,GOOGL.csv
2016-11-11,776.81,777.29,765.54,771.75,771.75,3592600,GOOGL.csv
2015-10-06,133.43,148.39,130.0,145.81,145.81,17174300,ILMN.csv
2016-04-19,142.54,144.0,132.51,136.88,136.88,11376500,ILMN.csv
2016-10-11,135.1,140.89,133.8,138.99,138.99,11033400,ILMN.csv
2010-08-04,272.29,286.85,272.24,281.3,281.3,6827000,PCLN.csv
2011-02-24,466.61,469.4,453.11,462.34,462.34,4461500,PCLN.csv
2011-08-29,510.0,522.32,509.06,521.01,521.01,1118800,PCLN.csv
2011-09-30,469.12,472.27,449.33,449.46,449.46,2199700,PCLN.csv
2012-02-28,634.81,637.88,627.31,632.76,632.76,2767800,PCLN.csv
2012-04-17,704.2,721.37,699.05,715.37,715.37,1119500,PCLN.csv
2012-05-11,671.49,684.84,670.02,675.39,675.39,1697700,PCLN.csv
2012-07-30,687.04,692.25,672.26,682.54,682.54,929500,PCLN.csv
2012-08-02,636.76,656.47,634.01,649.01,649.01,981400,PCLN.csv
2012-08-03,667.76,673.83,658.96,663.99,663.99,1056100,PCLN.csv
2012-08-08,575.1,586.97,559.75,562.32,562.32,6683700,PCLN.csv
2012-11-02,650.06,657.6,634.04,634.74,634.74,2513000,PCLN.csv
2013-01-02,637.83,641.93,627.67,638.4,638.4,681000,PCLN.csv
2013-01-28,718.65,721.96,700.4,704.98,704.98,925600,PCLN.csv
2013-02-27,709.05,712.5,692.0,695.91,695.91,2010300,PCLN.csv
2013-05-22,803.45,820.72,795.31,798.03,798.03,1857200,PCLN.csv
2013-08-09,992.03,994.98,969.45,969.89,969.89,2619700,PCLN.csv
2013-09-19,997.48,1003.31,989.03,1000.62,1000.62,539700,PCLN.csv
2013-10-09,1001.83,1001.83,972.4,989.03,989.03,1054300,PCLN.csv
2013-10-22,1094.36,1098.7,1057.09,1075.63,1075.63,847800,PCLN.csv
2013-11-12,1103.02,1106.65,1092.55,1099.49,1099.49,639200,PCLN.csv
2013-11-14,1133.0,1143.26,1128.93,1137.44,1137.44,589300,PCLN.csv
2014-02-07,1159.37,1196.56,1157.53,1195.39,1195.39,1393400,PCLN.csv
2014-02-10,1190.99,1212.0,1187.04,1207.82,1207.82,584300,PCLN.csv
2014-02-14,1276.08,1284.7,1269.15,1279.98,1279.98,906600,PCLN.csv
2014-02-21,1327.88,1333.12,1283.0,1315.65,1315.65,2073200,PCLN.csv
2014-02-26,1358.52,1375.41,1342.0,1356.94,1356.94,1097000,PCLN.csv
2014-03-14,1294.98,1296.97,1267.05,1267.93,1267.93,865000,PCLN.csv
2014-03-21,1316.99,1316.99,1267.64,1268.84,1268.84,1170000,PCLN.csv
2014-03-24,1275.0,1275.99,1211.9,1227.93,1227.93,1436700,PCLN.csv
2014-03-25,1232.08,1244.8,1203.28,1223.7,1223.7,1418700,PCLN.csv
2014-03-27,1188.77,1191.97,1156.41,1182.25,1182.25,1630100,PCLN.csv
2014-04-02,1256.19,1276.74,1249.51,1266.66,1266.66,1018000,PCLN.csv
2014-04-07,1167.5,1189.86,1138.0,1169.73,1169.73,1752800,PCLN.csv
2014-04-10,1231.72,1234.85,1174.08,1177.3,1177.3,1558400,PCLN.csv
2014-04-11,1160.01,1177.09,1147.46,1156.21,1156.21,1610700,PCLN.csv
2014-04-28,1158.0,1158.99,1107.27,1139.72,1139.72,1538900,PCLN.csv
2014-05-08,1096.61,1152.98,1087.26,1108.0,1108.0,2618500,PCLN.csv
2014-05-28,1256.5,1275.0,1246.05,1270.02,1270.02,894800,PCLN.csv
2014-06-12,1249.32,1264.8,1222.0,1226.0,1226.0,965800,PCLN.csv
2014-06-16,1191.38,1209.55,1183.0,1202.48,1202.48,751500,PCLN.csv
2014-07-02,1251.13,1252.61,1233.35,1237.84,1237.84,617600,PCLN.csv
2014-08-05,1295.38,1306.78,1269.54,1281.21,1281.21,953400,PCLN.csv
2014-08-12,1312.21,1320.92,1288.12,1294.36,1294.36,794200,PCLN.csv
2014-09-05,1210.0,1211.4,1182.36,1195.02,1195.02,1705300,PCLN.csv
2014-10-13,1063.41,1072.88,1017.28,1040.7,1040.7,1867500,PCLN.csv
2014-10-17,1090.17,1094.5,1073.02,1077.27,1077.27,901500,PCLN.csv
2014-10-21,1107.16,1136.85,1107.01,1132.97,1132.97,737800,PCLN.csv
2014-10-31,1175.58,1206.83,1172.51,1206.21,1206.21,1472100,PCLN.csv
2014-11-03,1211.69,1229.0,1197.0,1198.52,1198.52,1101800,PCLN.csv
2014-11-04,1113.12,1126.23,1081.39,1097.7,1097.7,3357200,PCLN.csv
2014-11-11,1123.1,1168.68,1122.75,1167.36,1167.36,1389700,PCLN.csv
2014-11-12,1163.99,1178.39,1154.37,1161.0,1161.0,820200,PCLN.csv
2014-12-16,1067.55,1073.29,1045.25,1045.84,1045.84,1110100,PCLN.csv
2014-12-18,1088.92,1108.99,1088.15,1104.58,1104.58,1230300,PCLN.csv
2014-12-23,1155.64,1158.56,1140.93,1147.61,1147.61,584500,PCLN.csv
2015-01-06,1103.41,1103.98,1072.5,1079.96,1079.96,1081500,PCLN.csv
2015-01-08,1056.95,1083.17,1047.12,1082.85,1082.85,1045800,PCLN.csv
2015-01-16,997.01,1012.31,990.69,1008.22,1008.22,1004800,PCLN.csv
2015-02-19,1219.0,1222.88,1195.36,1218.05,1218.05,2671500,PCLN.csv
2015-04-07,1190.08,1195.0,1183.93,1184.98,1184.98,383000,PCLN.csv
2015-05-07,1224.25,1227.89,1182.02,1213.49,1213.49,2162800,PCLN.csv
2015-06-03,1196.29,1201.07,1186.01,1193.71,1193.71,691600,PCLN.csv
2015-07-01,1160.0,1174.67,1146.83,1150.35,1150.35,621100,PCLN.csv
2015-08-05,1382.61,1395.0,1325.1,1351.21,1351.21,2106200,PCLN.csv
2015-08-06,1351.5,1372.33,1340.1,1351.8,1351.8,868800,PCLN.csv
2015-08-21,1245.96,1248.24,1200.59,1216.92,1216.92,1211800,PCLN.csv
2015-08-24,1162.0,1222.52,1151.01,1174.12,1174.12,1153600,PCLN.csv
2015-08-25,1202.11,1224.96,1178.79,1178.81,1178.81,959600,PCLN.csv
2015-09-01,1217.15,1245.0,1207.09,1215.36,1215.36,579300,PCLN.csv
2015-09-08,1268.0,1281.13,1266.42,1280.4,1280.4,659900,PCLN.csv
2015-09-25,1298.49,1298.49,1252.0,1252.76,1252.76,744900,PCLN.csv
2015-09-28,1242.34,1244.93,1192.22,1199.14,1199.14,1147800,PCLN.csv
2015-09-29,1198.01,1214.22,1185.01,1200.32,1200.32,586800,PCLN.csv
2015-10-05,1274.1,1287.54,1271.54,1274.86,1274.86,572800,PCLN.csv
2015-10-15,1319.61,1333.24,1304.97,1327.29,1327.29,601900,PCLN.csv
2015-10-20,1371.83,1382.5,1364.08,1372.51,1372.51,471100,PCLN.csv
2015-10-27,1412.36,1424.65,1396.37,1403.28,1403.28,479000,PCLN.csv
2015-10-30,1445.0,1466.08,1436.05,1454.24,1454.24,994300,PCLN.csv
2015-11-09,1362.3,1386.98,1303.44,1311.15,1311.15,2652400,PCLN.csv
2015-11-10,1302.06,1327.84,1302.06,1323.54,1323.54,927800,PCLN.csv
2015-11-16,1278.14,1279.99,1230.21,1266.87,1266.87,1708400,PCLN.csv
2015-11-24,1244.3,1246.57,1212.0,1240.18,1240.18,1390300,PCLN.csv
2015-12-18,1306.12,1312.97,1283.74,1285.67,1285.67,882200,PCLN.csv
2016-01-06,1186.0,1212.28,1185.0,1196.71,1196.71,561300,PCLN.csv
2016-01-11,1136.0,1147.98,1120.01,1136.28,1136.28,634300,PCLN.csv
2016-01-14,1098.21,1136.71,1065.0,1121.38,1121.38,1160300,PCLN.csv
2016-02-08,996.49,1000.0,954.83,973.8,973.8,1194000,PCLN.csv
2016-02-09,958.43,1003.74,954.02,991.29,991.29,1040300,PCLN.csv
2016-02-10,1004.92,1047.99,1002.3,1032.77,1032.77,970500,PCLN.csv
2016-02-11,1054.0,1063.63,1028.53,1055.24,1055.24,1036600,PCLN.csv
2016-02-17,1245.0,1246.61,1220.15,1235.56,1235.56,2382000,PCLN.csv
2016-02-22,1286.56,1291.44,1268.0,1288.42,1288.42,827100,PCLN.csv
2016-02-24,1248.1,1264.85,1222.71,1264.21,1264.21,774200,PCLN.csv
2016-03-01,1283.59,1296.57,1277.96,1295.92,1295.92,570600,PCLN.csv
2016-03-30,1316.9,1323.09,1311.04,1317.03,1317.03,376400,PCLN.csv
2016-04-01,1278.0,1301.72,1273.0,1299.7,1299.7,567300,PCLN.csv
2016-04-13,1310.35,1329.94,1300.5,1317.76,1317.76,605300,PCLN.csv
2016-04-19,1359.88,1360.0,1333.29,1345.78,1345.78,434700,PCLN.csv
2016-05-04,1258.0,1266.0,1205.25,1253.04,1253.04,2856800,PCLN.csv
2016-06-07,1348.01,1373.98,1345.01,1360.0,1360.0,865000,PCLN.csv
2016-06-24,1293.78,1313.77,1217.33,1232.14,1232.14,3179200,PCLN.csv
2016-06-27,1220.12,1233.91,1148.06,1186.05,1186.05,1758600,PCLN.csv
2016-06-30,1271.25,1275.57,1240.01,1248.41,1248.41,921500,PCLN.csv
2016-07-11,1342.9,1360.99,1341.49,1351.03,1351.03,648200,PCLN.csv
2016-08-01,1353.73,1363.59,1342.4,1356.08,1356.08,547900,PCLN.csv
2016-08-05,1435.0,1435.0,1406.99,1414.22,1414.22,1456600,PCLN.csv
2016-08-18,1440.0,1449.9,1437.5,1443.07,1443.07,523500,PCLN.csv
2016-10-04,1494.35,1498.83,1483.02,1489.02,1489.02,386300,PCLN.csv
2016-11-08,1540.0,1589.21,1540.0,1578.13,1578.13,1559000,PCLN.csv
2016-11-11,1548.1,1557.7,1530.87,1540.65,1540.65,643000,PCLN.csv
2016-11-15,1499.97,1507.77,1485.6,1497.45,1497.45,669100,PCLN.csv
2016-12-06,1506.96,1508.09,1493.99,1504.82,1504.82,254900,PCLN.csv
2016-12-08,1535.36,1551.77,1522.76,1548.67,1548.67,505900,PCLN.csv
2014-10-17,366.99,376.88,362.02,369.64,369.64,2470800,REGN.csv
2015-08-24,498.0,526.1,480.5,504.58,504.58,1757000,REGN.csv
2015-09-09,549.28,549.99,520.29,527.35,527.35,564700,REGN.csv
2015-09-22,521.3,531.44,519.57,530.18,530.18,924700,REGN.csv
2015-09-28,491.01,492.42,435.52,453.98,453.98,3128600,REGN.csv
2015-09-29,444.59,477.37,441.38,451.82,451.82,1621200,REGN.csv
2016-01-20,438.53,468.82,432.05,461.95,461.95,1229400,REGN.csv
2016-02-08,380.7,393.64,376.61,390.53,390.53,1225600,REGN.csv
2016-11-10,422.02,431.26,418.96,423.0,423.0,1430400,REGN.csv
2014-06-20,223.23,229.44,219.02,222.89,219.8673,4419800,SHPG.csv
2014-10-15,189.54,198.52,156.25,170.49,168.25737,30111400,SHPG.csv
2013-12-06,92.27,97.75,91.7,93.76,93.76,13926700,ULTA.csv
2014-06-24,98.02,98.8,89.93,93.53,93.53,25236800,VRTX.csv
2007-01-16,2.11,46.4,2.11,46.09,37.54982,2725900,WBA.csv
2007-01-17,45.99,46.55,45.8,46.51,37.892002,3922900,WBA.csv
2007-02-20,3.2,46.49,3.2,46.32,37.80266,3462700,WBA.csv
2007-02-21,46.3,46.42,45.79,45.88,37.443577,3649600,WBA.csv
2007-07-05,2.25,43.98,2.25,43.91,35.898777,4729100,WBA.csv
2007-07-06,43.91,44.59,43.89,44.41,36.30757,5601200,WBA.csv
2007-09-04,2.4,45.5,2.4,45.43,37.220722,3228300,WBA.csv
2007-09-05,45.69,45.69,44.94,45.14,36.98314,5018600,WBA.csv
2007-11-23,2.05,39.99,2.05,39.73,32.63108,2776300,WBA.csv
2007-11-26,39.65,39.98,39.11,39.21,32.203987,5539800,WBA.csv
2008-01-22,2.3,34.43,2.3,34.07,27.982407,13406300,WBA.csv
2008-01-23,33.48,35.66,33.3,35.45,29.115835,14346900,WBA.csv
2008-02-19,2.4,35.91,2.4,35.42,29.167732,4366400,WBA.csv
2008-02-20,35.42,36.17,35.29,36.0,29.645353,5389500,WBA.csv
2008-05-27,2.25,35.86,2.25,35.64,29.425755,4982300,WBA.csv
2008-05-28,35.66,36.07,35.4,35.58,29.376219,4763900,WBA.csv
2008-09-02,2.05,37.24,2.05,36.0,29.813385,8682000,WBA.csv
2008-09-03,35.97,36.02,35.22,35.92,29.74712,9278700,WBA.csv
2010-11-26,0.6,34.08,0.6,33.68,29.030802,2139100,WBA.csv
2010-11-29,33.47,34.97,33.38,34.8,29.99619,10110900,WBA.csv
2011-01-18,0.6,42.0,0.6,41.97,36.176445,6344000,WBA.csv
2011-01-19,41.69,41.87,41.07,41.28,35.5817,5147900,WBA.csv
2011-02-22,0.6,42.54,0.6,42.18,36.508343,6423500,WBA.csv
2011-02-23,42.25,42.45,41.21,41.23,35.686096,9492200,WBA.csv
2011-05-31,0.5,44.06,0.5,43.63,37.913155,5603100,WBA.csv
2011-06-01,43.66,43.96,43.3,43.32,37.64377,6133400,WBA.csv
2011-07-05,0.45,42.82,0.45,42.73,37.131077,4711900,WBA.csv
2011-07-06,43.08,43.41,43.0,43.38,37.695904,7379300,WBA.csv
2011-09-06,1.05,35.27,1.05,35.1,30.686142,7941500,WBA.csv
2011-09-07,35.48,36.16,35.39,36.08,31.542908,8197300,WBA.csv
2011-12-27,1.2,35.19,1.2,33.36,29.364014,12187000,WBA.csv
2011-12-28,33.29,33.75,33.08,33.28,29.293594,5596500,WBA.csv
2012-01-03,1.2,33.7,1.2,33.06,29.099949,7248100,WBA.csv
2012-01-04,33.01,33.08,32.41,32.83,28.897495,8165300,WBA.csv
2012-01-17,2.1,33.33,2.1,33.2,29.22318,6342000,WBA.csv
2012-01-18,33.19,33.76,32.93,33.75,29.707296,5444800,WBA.csv
2012-02-21,2.0,34.86,2.0,34.18,30.282543,5767100,WBA.csv
2012-02-22,34.09,34.54,34.04,34.29,30.380001,7052600,WBA.csv
2012-04-09,1.02,32.73,1.02,32.56,28.847275,6560500,WBA.csv
2012-04-10,32.41,32.72,32.07,32.21,28.537178,7277300,WBA.csv
2012-05-29,1.0,31.64,1.0,31.6,28.19023,4359600,WBA.csv
2012-05-30,31.44,31.48,30.78,30.93,27.592525,6341100,WBA.csv
2012-09-04,1.0,35.86,1.0,35.7,32.094994,5027500,WBA.csv
2012-09-05,35.68,36.19,35.53,35.88,32.25681,9373800,WBA.csv
2012-10-31,1.0,35.6,1.0,35.23,31.67244,5029900,WBA.csv
2012-11-01,35.27,35.62,35.23,35.5,31.915178,5336300,WBA.csv
2012-11-23,1.0,33.17,1.0,33.09,29.991556,1903300,WBA.csv
2012-11-26,32.94,33.14,32.74,33.07,29.97343,4600900,WBA.csv
2012-12-26,1.0,36.94,1.0,36.66,33.227272,6414200,WBA.csv
2012-12-27,36.58,36.89,36.15,36.53,33.109436,5608500,WBA.csv
2013-01-02,1.0,38.41,1.0,38.06,34.496178,10064100,WBA.csv
2013-01-03,37.81,38.04,37.51,37.79,34.251453,7142300,WBA.csv
2013-01-22,1.0,39.5,1.0,39.49,35.79228,5079900,WBA.csv
2013-01-23,39.41,39.55,39.25,39.52,35.81946,4604200,WBA.csv
2013-02-19,1.0,41.7,1.0,41.7,38.044735,6687000,WBA.csv
2013-02-20,41.73,41.99,41.6,41.6,37.953495,4641100,WBA.csv
2013-04-01,1.0,47.68,1.0,46.97,42.85279,5012900,WBA.csv
2013-04-02,47.52,47.87,47.12,47.32,43.172108,6173400,WBA.csv
2013-05-28,1.0,51.25,1.0,50.23,46.08508,4210400,WBA.csv
2013-05-29,49.89,49.92,49.41,49.54,45.45203,4902100,WBA.csv
2013-07-05,1.0,44.47,1.0,44.25,40.598557,4493200,WBA.csv
2013-07-08,44.59,45.37,44.41,45.33,41.589436,6831100,WBA.csv
2015-08-24,202.79,231.4,195.0,218.87,218.87,9581600,TSLA.csv
