Symbol, Direction, Entry Date, Entry Price, Number of Shares, Stop Loss, Target, Exit Date, Exit Price, Holding Period, percentPL
AKS,LONG,2007-04-02,23.95,1,1.0,4.0,2007-04-04,23.71,2,-1
AKS,LONG,2010-01-08,24.41,1,1.0,4.0,2010-01-11,26.49,1,8.52
AKS,LONG,2010-12-21,16.49,1,1.0,4.0,2010-12-22,16.33,1,-1
AKS,SHORT,2011-05-17,14.04,1,1.0,4.0,2011-05-18,14.33,1,-2.07
AKS,SHORT,2011-09-26,6.67,1,1.0,4.0,2011-09-27,7.27,1,-9
AKS,LONG,2013-12-23,7.53,1,1.0,4.0,2013-12-24,7.83,1,4
AKS,LONG,2015-05-14,5.86,1,1.0,4.0,2015-05-15,5.79,1,-1.19
AKS,SHORT,2015-07-22,2.6,1,1.0,4.0,2015-07-23,2.72,1,-4.62
AAPL,LONG,2010-04-06,34.11,1,1.0,4.0,2010-04-15,35.48,7,4
AAPL,LONG,2013-10-24,75.5,1,1.0,4.0,2013-10-28,74.75,2,-1
BAC,SHORT,2010-02-09,14.3,1,1.0,4.0,2010-02-10,14.51,1,-1.47
BAC,SHORT,2010-10-19,11.73,1,1.0,4.0,2010-10-20,11.85,1,-1
BAC,LONG,2013-07-22,14.86,1,1.0,4.0,2013-07-24,14.71,2,-1
BAC,LONG,2015-06-05,17.04,1,1.0,4.0,2015-06-29,16.87,17,-1
BBY,LONG,2007-10-05,49.37,1,1.0,4.0,2007-10-08,48.88,1,-1
BBY,LONG,2009-09-08,39.88,1,1.0,4.0,2009-09-09,41.48,1,4
BBY,SHORT,2010-01-26,37.05,1,1.0,4.0,2010-01-27,37.42,1,-1
BBY,SHORT,2012-11-20,12.82,1,1.0,4.0,2012-11-20,12.31,1,4
BBY,LONG,2013-03-08,19.51,1,1.0,4.0,2013-03-11,20.29,1,4
BBY,LONG,2014-06-27,30.68,1,1.0,4.0,2014-07-03,31.91,4,4
BCS,SHORT,2011-08-10,9.97,1,1.0,4.0,2011-08-11,10.07,1,-1
BCS,SHORT,2016-01-06,12.39,1,1.0,4.0,2016-01-08,11.89,3,4
BRCD,SHORT,2007-06-29,8,1,1.0,4.0,2007-07-02,8.08,1,-1
BRCD,LONG,2007-10-31,9.6,1,1.0,4.0,2007-11-01,9.34,1,-2.71
BRCD,SHORT,2009-03-03,2.32,1,1.0,4.0,2009-03-04,2.34,1,-1
BRCD,SHORT,2010-07-06,4.89,1,1.0,4.0,2010-07-07,4.97,1,-1.64
BRCD,LONG,2011-11-25,5.11,1,1.0,4.0,2011-11-28,5.31,1,4
BRCD,LONG,2012-08-21,5.86,1,1.0,4.0,2012-08-22,5.8,1,-1
BRCD,SHORT,2015-07-13,10.97,1,1.0,4.0,2015-07-14,11.08,1,-1
BRCD,LONG,2016-08-23,10.28,1,1.0,4.0,2016-08-25,10.17,2,-1.07
C,SHORT,2007-07-24,501.49,1,1.0,4.0,2007-07-26,481.43,2,4
C,LONG,2012-09-13,34.5,1,1.0,4.0,2012-09-17,34.15,2,-1
C,SHORT,2014-01-31,47.51,1,1.0,4.0,2014-01-31,47.99,1,-1
C,LONG,2015-06-05,56.03,1,1.0,4.0,2015-06-09,55.47,2,-1
CSCO,LONG,2007-07-16,29.98,1,1.0,4.0,2007-07-17,29.68,1,-1
CSCO,SHORT,2008-01-04,26.2,1,1.0,4.0,2008-01-08,26.46,2,-1
CSCO,SHORT,2008-07-09,22.22,1,1.0,4.0,2008-07-14,21.33,4,4
CSCO,LONG,2010-03-25,26.76,1,1.0,4.0,2010-03-26,26.44,1,-1.2
CSCO,LONG,2013-01-16,21,1,1.0,4.0,2013-01-17,20.79,1,-1
DAL,SHORT,2007-12-14,14.82,1,1.0,4.0,2007-12-17,15.61,1,-5.33
DAL,SHORT,2008-05-23,5.65,1,1.0,4.0,2008-05-23,5.71,1,-1
DAL,LONG,2008-11-04,11.91,1,1.0,4.0,2008-11-05,11.15,1,-6.38
DAL,LONG,2009-01-06,12.57,1,1.0,4.0,2009-01-07,12.13,1,-3.5
DAL,SHORT,2009-02-20,5.42,1,1.0,4.0,2009-02-23,5.82,1,-7.38
DAL,LONG,2010-01-07,12.35,1,1.0,4.0,2010-01-08,12.23,1,-1
DAL,LONG,2010-11-05,14.49,1,1.0,4.0,2010-11-08,14.13,1,-2.48
DAL,SHORT,2011-04-08,9.3,1,1.0,4.0,2011-04-11,9.39,1,-1
DAL,SHORT,2011-07-14,8.55,1,1.0,4.0,2011-07-15,8.66,1,-1.29
DAL,LONG,2012-02-01,10.89,1,1.0,4.0,2012-02-03,11.33,2,4
DAL,LONG,2013-01-24,14.16,1,1.0,4.0,2013-01-25,13.94,1,-1.55
DAL,LONG,2013-07-26,21.65,1,1.0,4.0,2013-07-29,21.43,1,-1
DAL,LONG,2013-10-24,26.25,1,1.0,4.0,2013-10-28,25.99,2,-1
DAL,SHORT,2016-06-16,38.37,1,1.0,4.0,2016-06-21,38.75,4,-1
EPI,LONG,2009-04-15,13.24,1,1.0,4.0,2009-04-16,13.11,1,-1
EPI,LONG,2009-05-29,18.31,1,1.0,4.0,2009-05-29,18.13,1,-1
EPI,SHORT,2011-02-01,22.76,1,1.0,4.0,2011-02-02,23.01,1,-1.1
F,SHORT,2008-03-17,5.02,1,1.0,4.0,2008-03-17,5.07,1,-1
F,LONG,2009-04-08,4.01,1,1.0,4.0,2009-04-09,4.22,1,5.24
F,LONG,2009-07-27,7.11,1,1.0,4.0,2009-07-29,7.04,2,-1
F,LONG,2009-07-29,7.3,1,1.0,4.0,2009-07-30,7.23,1,-1
F,LONG,2010-10-08,13.46,1,1.0,4.0,2010-10-14,14,4,4
F,LONG,2010-10-25,14.17,1,1.0,4.0,2010-10-26,13.97,1,-1.41
F,SHORT,2011-06-20,12.66,1,1.0,4.0,2011-06-20,12.79,1,-1
F,LONG,2013-05-03,13.79,1,1.0,4.0,2013-05-15,14.34,8,4
F,LONG,2015-10-23,15.71,1,1.0,4.0,2015-10-23,15.55,1,-1
GLW,LONG,2007-04-10,23.87,1,1.0,4.0,2007-04-12,23.59,2,-1.17
GLW,SHORT,2008-10-08,11.82,1,1.0,4.0,2008-10-08,11.94,1,-1
GLW,SHORT,2011-07-29,15.86,1,1.0,4.0,2011-07-29,16.02,1,-1
GLW,LONG,2012-09-21,13.26,1,1.0,4.0,2012-09-24,13.09,1,-1.28
INTC,LONG,2007-07-16,26.01,1,1.0,4.0,2007-07-18,24.96,2,-4.04
INTC,SHORT,2008-09-18,18.54,1,1.0,4.0,2008-09-19,20.16,1,-8.74
INTC,SHORT,2010-08-31,17.8,1,1.0,4.0,2010-09-01,17.98,1,-1
INTC,LONG,2012-03-16,27.91,1,1.0,4.0,2012-03-19,27.63,1,-1
INTC,LONG,2012-04-16,28.53,1,1.0,4.0,2012-04-18,27.58,2,-3.33
INTC,SHORT,2012-09-12,23.16,1,1.0,4.0,2012-09-13,23.39,1,-1
INTC,SHORT,2012-10-19,21.26,1,1.0,4.0,2012-10-22,21.47,1,-1
INTC,SHORT,2015-07-09,29.08,1,1.0,4.0,2015-07-13,29.37,2,-1
INTC,SHORT,2016-11-03,34.26,1,1.0,4.0,2016-11-07,34.6,2,-1
LVLT,LONG,2011-05-24,31.05,1,1.0,4.0,2011-05-24,32.29,1,4
LVLT,LONG,2012-02-27,23.74,1,1.0,4.0,2012-02-29,24.69,2,4
MSFT,LONG,2012-02-21,31.56,1,1.0,4.0,2012-02-22,31.24,1,-1
MSFT,LONG,2013-04-24,31.19,1,1.0,4.0,2013-04-25,32.44,1,4
MSFT,LONG,2013-12-04,38.79,1,1.0,4.0,2013-12-05,38.4,1,-1
MSFT,LONG,2014-03-20,39.91,1,1.0,4.0,2014-03-27,39.51,5,-1
MSFT,LONG,2015-04-28,48.15,1,1.0,4.0,2015-05-05,47.67,5,-1
NOK,LONG,2007-09-06,33.84,1,1.0,4.0,2007-09-14,33.5,7,-1
NOK,SHORT,2008-01-09,34.19,1,1.0,4.0,2008-01-10,34.53,2,-1
NOK,LONG,2010-03-12,14.92,1,1.0,4.0,2010-03-12,14.77,1,-1
NOK,SHORT,2011-07-18,5.46,1,1.0,4.0,2011-07-19,5.51,2,-1
NOK,SHORT,2012-04-16,3.94,1,1.0,4.0,2012-04-16,3.98,1,-1
NVS,SHORT,2008-01-25,50.18,1,1.0,4.0,2008-01-31,50.68,4,-1
NVS,LONG,2012-08-03,59.11,1,1.0,4.0,2012-08-10,58.31,6,-1.35
NVS,LONG,2013-09-20,76.85,1,1.0,4.0,2013-10-02,76.08,9,-1
S,LONG,2007-05-23,21.68,1,1.0,4.0,2007-05-30,22.55,4,4
S,LONG,2011-03-10,4.82,1,1.0,4.0,2011-03-11,5.01,1,4
S,LONG,2012-07-19,3.73,1,1.0,4.0,2012-07-19,3.69,1,-1
S,LONG,2013-04-17,7.34,1,1.0,4.0,2013-04-18,7.12,1,-3
S,LONG,2013-12-18,8.89,1,1.0,4.0,2013-12-19,9.25,1,4
S,SHORT,2014-11-06,4.85,1,1.0,4.0,2014-11-10,4.9,2,-1
S,SHORT,2014-12-16,3.97,1,1.0,4.0,2014-12-17,3.81,1,4.03
SFD.TO,SHORT,2008-03-14,2.39,1,1.0,4.0,2008-03-17,2.49,2,-4.18
SFD.TO,SHORT,2008-09-19,1,1,1.0,4.0,2008-09-19,1.01,1,-1
SFD.TO,LONG,2009-03-23,0.86,1,1.0,4.0,2009-03-24,1.05,1,22.09
SFD.TO,LONG,2009-11-03,1.28,1,1.0,4.0,2009-11-09,1.33,4,4
SFD.TO,SHORT,2014-04-17,1.15,1,1.0,4.0,2014-04-21,1.09,1,5.22
TSN,LONG,2007-04-13,20.46,1,1.0,4.0,2007-04-20,21.61,5,5.62
TSN,SHORT,2007-11-06,14.95,1,1.0,4.0,2007-11-08,15.1,2,-1
TSN,SHORT,2008-09-29,11.55,1,1.0,4.0,2008-09-30,11.67,1,-1
TSN,SHORT,2009-08-05,10.85,1,1.0,4.0,2009-08-06,11.01,1,-1.47
TSN,LONG,2010-02-09,15.26,1,1.0,4.0,2010-02-11,15.87,2,4
TSN,LONG,2013-04-02,24.86,1,1.0,4.0,2013-04-03,24.61,1,-1
TSN,SHORT,2015-03-13,37.34,1,1.0,4.0,2015-03-16,37.71,1,-1
TSN,LONG,2015-12-10,53.22,1,1.0,4.0,2015-12-11,52.69,1,-1
TSN,SHORT,2016-06-08,60.31,1,1.0,4.0,2016-06-09,60.91,1,-1
TSN,SHORT,2016-11-21,64.36,1,1.0,4.0,2016-11-22,57.97,1,9.93
DIA,LONG,2010-03-23,108.18,1,1.0,4.0,2010-04-26,112.51,23,4
DIA,LONG,2010-09-30,108.91,1,1.0,4.0,2010-09-30,107.82,1,-1
DIA,LONG,2013-02-27,140.6,1,1.0,4.0,2013-03-01,139.19,2,-1
DIA,SHORT,2014-02-05,153.24,1,1.0,4.0,2014-02-06,154.77,1,-1
DIA,LONG,2015-02-24,181.21,1,1.0,4.0,2015-03-06,179.4,8,-1
QQQ,LONG,2009-04-24,33.54,1,1.0,4.0,2009-04-30,34.88,4,4
SPY,LONG,2009-05-06,91.68,1,1.0,4.0,2009-05-06,90.76,1,-1
SPY,LONG,2010-10-25,119.14,1,1.0,4.0,2010-10-26,117.95,2,-1
SPY,LONG,2011-01-05,127.61,1,1.0,4.0,2011-01-07,126.33,2,-1
SPY,LONG,2011-02-01,130.36,1,1.0,4.0,2011-03-15,126.59,29,-2.89
SPY,SHORT,2014-02-05,173.82,1,1.0,4.0,2014-02-06,175.58,1,-1.01
EEM,SHORT,2008-01-22,42.31,1,1.0,4.0,2008-01-22,42.73,1,-1
EEM,SHORT,2008-09-11,34.67,1,1.0,4.0,2008-09-11,35.02,1,-1
EEM,SHORT,2013-06-24,36.42,1,1.0,4.0,2013-06-25,37.28,1,-2.36
EEM,LONG,2014-04-08,42.14,1,1.0,4.0,2014-04-11,41.54,3,-1.42
EEM,LONG,2016-07-29,36.13,1,1.0,4.0,2016-08-02,35.77,2,-1
EWA,LONG,2007-10-11,33.7,1,1.0,4.0,2007-10-11,33.36,1,-1
EWA,SHORT,2008-01-22,23.6,1,1.0,4.0,2008-01-22,23.84,1,-1
EWA,LONG,2013-09-06,24.61,1,1.0,4.0,2013-09-18,25.59,8,4
EWA,LONG,2014-04-08,26.18,1,1.0,4.0,2014-04-15,25.92,5,-1
EWA,SHORT,2014-10-10,23.4,1,1.0,4.0,2014-10-13,23.63,2,-1
EWA,SHORT,2014-12-12,22.4,1,1.0,4.0,2014-12-17,21.31,4,4.87
EWA,SHORT,2015-06-04,21.67,1,1.0,4.0,2015-06-10,21.89,5,-1
EWA,SHORT,2016-01-15,16.28,1,1.0,4.0,2016-01-15,16.44,1,-1
EWC,LONG,2007-04-25,27.81,1,1.0,4.0,2007-04-30,27.53,3,-1
EWC,LONG,2007-05-17,29.29,1,1.0,4.0,2007-05-31,30.67,9,4.71
EWC,LONG,2008-05-21,35.91,1,1.0,4.0,2008-05-22,35.38,1,-1.48
EWC,SHORT,2008-10-08,19.67,1,1.0,4.0,2008-10-08,19.87,1,-1
EWC,SHORT,2014-01-29,27.69,1,1.0,4.0,2014-01-30,27.97,1,-1
EWC,SHORT,2014-02-05,27.21,1,1.0,4.0,2014-02-05,27.48,1,-1
EWC,SHORT,2015-07-09,25.79,1,1.0,4.0,2015-07-10,26.05,1,-1
EWC,SHORT,2016-01-06,20.69,1,1.0,4.0,2016-01-11,19.86,4,4
EWG,LONG,2008-04-18,32.76,1,1.0,4.0,2008-04-23,32.43,3,-1
EWG,LONG,2008-05-05,33.16,1,1.0,4.0,2008-05-07,32.83,2,-1
EWG,SHORT,2011-06-27,25.26,1,1.0,4.0,2011-06-28,25.61,1,-1.39
EWG,SHORT,2011-08-10,20.3,1,1.0,4.0,2011-08-11,20.5,1,-1
EWG,LONG,2015-02-24,29.67,1,1.0,4.0,2015-03-04,29.3,6,-1.25
EWH,SHORT,2008-01-22,18.68,1,1.0,4.0,2008-01-22,18.87,1,-1
EWH,LONG,2009-05-06,12.95,1,1.0,4.0,2009-05-07,12.82,2,-1
EWH,LONG,2009-07-23,14.99,1,1.0,4.0,2009-07-29,14.84,5,-1
EWH,LONG,2010-09-22,17.73,1,1.0,4.0,2010-10-04,18.44,9,4
EWH,SHORT,2013-06-24,18.03,1,1.0,4.0,2013-06-25,18.29,1,-1.44
EWJ,SHORT,2007-08-20,53.87,1,1.0,4.0,2007-08-21,54.41,1,-1
EWJ,LONG,2015-03-20,51.13,1,1.0,4.0,2015-03-26,50.62,4,-1
EWJ,SHORT,2016-01-15,44.68,1,1.0,4.0,2016-01-19,45.44,2,-1.7
EWJ,LONG,2016-04-22,48.89,1,1.0,4.0,2016-04-25,48.4,1,-1
EWM,LONG,2010-08-23,51.56,1,1.0,4.0,2010-08-24,51,2,-1.09
EWM,SHORT,2011-09-26,47.83,1,1.0,4.0,2011-09-27,49.84,1,-4.2
EWM,LONG,2013-01-17,61.6,1,1.0,4.0,2013-01-18,60.98,2,-1
EWM,SHORT,2014-10-10,60.47,1,1.0,4.0,2014-10-16,57.88,4,4.28
EWS,LONG,2007-07-16,28.59,1,1.0,4.0,2007-07-17,28.2,1,-1.36
EWS,SHORT,2008-08-12,23.12,1,1.0,4.0,2008-08-13,23.35,2,-1
EWS,LONG,2009-05-06,17.3,1,1.0,4.0,2009-05-08,17.99,3,4
EWS,LONG,2010-10-15,27.98,1,1.0,4.0,2010-10-15,27.7,1,-1
EWS,SHORT,2016-01-11,19.07,1,1.0,4.0,2016-01-15,18.31,4,4
EWT,LONG,2011-02-01,31.97,1,1.0,4.0,2011-02-09,31.32,6,-2.03
EWT,SHORT,2012-05-25,23.62,1,1.0,4.0,2012-05-29,24.42,2,-3.39
EWT,LONG,2014-07-14,32.76,1,1.0,4.0,2014-07-16,32.43,3,-1
EWW,LONG,2007-05-18,60.5,1,1.0,4.0,2007-05-24,59.9,4,-1
EWW,LONG,2007-10-15,63.85,1,1.0,4.0,2007-10-16,62.15,1,-2.66
EWW,SHORT,2008-07-09,53.87,1,1.0,4.0,2008-07-15,51.72,4,4
EWW,LONG,2010-10-11,55.7,1,1.0,4.0,2010-10-12,55.14,1,-1
EWW,LONG,2010-10-25,57.42,1,1.0,4.0,2010-10-26,56.53,2,-1.55
EWW,SHORT,2016-01-06,48.17,1,1.0,4.0,2016-01-07,46.24,2,4
EWY,LONG,2009-09-03,43.1,1,1.0,4.0,2009-09-11,44.9,5,4.18
EWY,LONG,2010-01-06,49.84,1,1.0,4.0,2010-01-07,49.16,2,-1.36
EWY,LONG,2011-02-01,63.4,1,1.0,4.0,2011-02-04,62.77,3,-1
EWY,SHORT,2013-03-21,57.33,1,1.0,4.0,2013-03-25,58.75,3,-2.48
EWZ,LONG,2011-04-08,80.11,1,1.0,4.0,2011-04-11,79.31,1,-1
EWZ,LONG,2013-10-16,50.57,1,1.0,4.0,2013-10-18,50.06,2,-1
EWZ,LONG,2014-08-29,53.34,1,1.0,4.0,2014-09-05,52.81,4,-1
FXI,LONG,2007-04-16,37.32,1,1.0,4.0,2007-04-18,36.95,3,-1
FXI,LONG,2009-05-06,35.19,1,1.0,4.0,2009-05-07,34.84,1,-1
FXI,LONG,2009-07-27,42.48,1,1.0,4.0,2009-07-29,41.67,3,-1.91
FXI,LONG,2012-11-06,38.15,1,1.0,4.0,2012-11-07,37.6,1,-1.44
FXI,LONG,2015-04-13,51.83,1,1.0,4.0,2015-04-13,51.31,1,-1
FXI,SHORT,2016-01-06,33.19,1,1.0,4.0,2016-01-08,31.86,3,4
IWD,LONG,2011-02-01,67.11,1,1.0,4.0,2011-03-15,65.6,29,-2.25
IWD,LONG,2013-12-20,92.99,1,1.0,4.0,2014-01-24,92.06,22,-1
IWF,LONG,2007-10-15,63.87,1,1.0,4.0,2007-10-16,62.67,1,-1.88
IWF,LONG,2008-04-28,58.09,1,1.0,4.0,2008-04-29,57.51,1,-1
IWF,SHORT,2008-09-11,50.76,1,1.0,4.0,2008-09-12,52.01,1,-2.46
IWF,SHORT,2008-09-18,48.66,1,1.0,4.0,2008-09-19,51.77,1,-6.39
IWF,LONG,2010-09-30,51.82,1,1.0,4.0,2010-09-30,51.3,1,-1
IWF,LONG,2010-10-25,53.97,1,1.0,4.0,2010-10-27,53.43,3,-1
IWF,LONG,2013-12-20,84.23,1,1.0,4.0,2014-01-27,83.39,23,-1
IWF,LONG,2014-11-25,96.84,1,1.0,4.0,2014-12-08,95.87,8,-1
IWM,LONG,2013-01-17,87.91,1,1.0,4.0,2013-02-13,91.43,19,4
IWM,LONG,2013-07-22,104.6,1,1.0,4.0,2013-07-24,103.55,2,-1
IWM,LONG,2013-08-05,105.36,1,1.0,4.0,2013-08-06,104.31,1,-1
IWM,SHORT,2014-10-10,105.75,1,1.0,4.0,2014-10-14,106.81,2,-1
IWM,LONG,2015-03-20,125.36,1,1.0,4.0,2015-03-25,124.11,4,-1
IWM,SHORT,2016-01-06,108.7,1,1.0,4.0,2016-01-08,104.35,3,4
RSX,SHORT,2008-01-22,43.02,1,1.0,4.0,2008-01-22,43.45,1,-1
RSX,SHORT,2010-05-25,26.55,1,1.0,4.0,2010-05-25,26.82,1,-1
RSX,LONG,2010-08-04,33.01,1,1.0,4.0,2010-08-05,32.6,1,-1.24
RSX,LONG,2011-01-03,38.27,1,1.0,4.0,2011-01-07,37.89,5,-1
RSX,LONG,2011-01-06,39.28,1,1.0,4.0,2011-01-06,38.89,1,-1
RSX,SHORT,2011-08-10,29.77,1,1.0,4.0,2011-08-11,30.07,1,-1
RSX,SHORT,2013-04-05,26.62,1,1.0,4.0,2013-04-05,26.89,1,-1
RSX,SHORT,2014-10-10,21.41,1,1.0,4.0,2014-10-13,21.68,2,-1.26
VWO,SHORT,2008-01-22,44.47,1,1.0,4.0,2008-01-22,44.92,1,-1
VWO,LONG,2009-05-06,30.11,1,1.0,4.0,2009-05-07,29.81,1,-1
VWO,SHORT,2013-06-24,36.5,1,1.0,4.0,2013-06-24,36.86,1,-1
VWO,LONG,2014-04-08,41.64,1,1.0,4.0,2014-04-09,41.22,1,-1
VXX,SHORT,2009-12-18,36055.03,1,1.0,4.0,2009-12-22,34612.82,2,4
VXX,SHORT,2010-01-21,28364.79,1,1.0,4.0,2010-01-22,30464,1,-7.4
VXX,SHORT,2010-09-17,17612.8,1,1.0,4.0,2010-09-17,17788.93,1,-1
VXX,LONG,2013-06-24,1473.93,1,1.0,4.0,2013-06-25,1416.32,1,-3.91
VXX,SHORT,2014-01-15,644.31,1,1.0,4.0,2014-01-16,654.4,1,-1.57
VXX,SHORT,2015-03-20,412.96,1,1.0,4.0,2015-03-24,396.44,3,4
AXP,SHORT,2008-07-15,36.75,1,1.0,4.0,2008-07-15,37.12,1,-1
AXP,LONG,2009-05-06,27.4,1,1.0,4.0,2009-05-07,27.13,1,-1
AXP,SHORT,2016-01-15,62.03,1,1.0,4.0,2016-01-15,62.65,1,-1
AXP,LONG,2016-10-24,67.79,1,1.0,4.0,2016-10-25,66.93,1,-1.27
BA,LONG,2007-05-29,98.85,1,1.0,4.0,2007-06-06,97.86,6,-1
BA,LONG,2007-07-17,102.44,1,1.0,4.0,2007-07-18,101.42,1,-1
BA,SHORT,2008-10-06,51.77,1,1.0,4.0,2008-10-06,52.29,1,-1
BA,SHORT,2008-10-08,47.87,1,1.0,4.0,2008-10-09,48.35,1,-1
BA,LONG,2010-03-09,68.05,1,1.0,4.0,2010-03-18,70.77,7,4
BA,SHORT,2010-05-25,61,1,1.0,4.0,2010-05-25,61.61,1,-1
BA,LONG,2012-04-27,77.51,1,1.0,4.0,2012-04-30,76.51,1,-1.29
BA,LONG,2013-03-11,81.96,1,1.0,4.0,2013-03-15,85.24,4,4
BA,LONG,2013-05-17,97.48,1,1.0,4.0,2013-05-28,101.38,6,4
BA,LONG,2013-10-25,130,1,1.0,4.0,2013-10-28,128.7,1,-1
CVX,SHORT,2008-07-15,91.15,1,1.0,4.0,2008-07-16,87.5,1,4
CVX,LONG,2010-10-25,85.13,1,1.0,4.0,2010-10-27,84.28,3,-1
CVX,LONG,2012-08-14,113.7,1,1.0,4.0,2012-08-15,112.13,2,-1.38
CVX,LONG,2016-03-11,94.95,1,1.0,4.0,2016-03-11,94,1,-1
CVX,LONG,2016-04-14,97.95,1,1.0,4.0,2016-04-15,96.97,1,-1
XOM,LONG,2007-10-15,95.08,1,1.0,4.0,2007-10-17,94.13,2,-1
XOM,SHORT,2013-08-21,86.77,1,1.0,4.0,2013-08-23,87.64,2,-1
GS,SHORT,2007-07-26,196.76,1,1.0,4.0,2007-07-31,198.73,3,-1
GS,LONG,2012-02-03,116.66,1,1.0,4.0,2012-02-07,115.49,2,-1
GS,SHORT,2015-01-21,174.05,1,1.0,4.0,2015-01-22,178.81,1,-2.73
GS,LONG,2015-05-27,208.27,1,1.0,4.0,2015-05-29,206.19,2,-1
GS,SHORT,2016-01-11,163.59,1,1.0,4.0,2016-01-12,166.89,1,-2.02
GS,SHORT,2016-06-16,145,1,1.0,4.0,2016-06-16,146.45,1,-1
GS,LONG,2016-08-30,168.08,1,1.0,4.0,2016-09-12,166.4,8,-1
GS,LONG,2016-12-05,227.17,1,1.0,4.0,2016-12-08,236.88,3,4.27
HD,LONG,2012-05-01,52.4,1,1.0,4.0,2012-05-04,51.88,3,-1
HD,LONG,2013-05-08,75.38,1,1.0,4.0,2013-05-16,78.4,6,4
JNJ,LONG,2007-11-28,68.09,1,1.0,4.0,2007-11-30,67.41,2,-1
JNJ,LONG,2010-09-30,62.61,1,1.0,4.0,2010-10-01,61.98,1,-1
JNJ,SHORT,2011-08-09,61.04,1,1.0,4.0,2011-08-10,61.65,1,-1
JNJ,LONG,2012-06-29,67.3,1,1.0,4.0,2012-10-17,69.99,77,4
JNJ,LONG,2012-07-17,68.75,1,1.0,4.0,2012-07-23,68.06,4,-1
JNJ,LONG,2013-02-21,77.01,1,1.0,4.0,2013-02-22,76.24,1,-1
JNJ,LONG,2014-03-25,95.94,1,1.0,4.0,2014-04-21,99.78,18,4
JNJ,LONG,2015-05-20,104.42,1,1.0,4.0,2015-05-20,103.38,1,-1
JNJ,LONG,2016-03-28,108.84,1,1.0,4.0,2016-03-29,107.75,1,-1
KO,SHORT,2008-10-08,24.33,1,1.0,4.0,2008-10-08,24.57,1,-1
KO,LONG,2010-07-23,27.41,1,1.0,4.0,2010-08-09,28.5,11,4
KO,SHORT,2014-01-31,37.81,1,1.0,4.0,2014-02-06,38.76,4,-2.51
KO,SHORT,2016-09-13,42.26,1,1.0,4.0,2016-09-22,42.71,7,-1.06
MCD,SHORT,2008-10-09,52.72,1,1.0,4.0,2008-10-10,50.04,1,5.08
MCD,SHORT,2011-01-06,74.1,1,1.0,4.0,2011-01-18,74.84,7,-1
MCD,LONG,2013-03-15,99.48,1,1.0,4.0,2013-03-18,98.49,1,-1
MCD,SHORT,2014-08-07,93.34,1,1.0,4.0,2014-08-13,94.27,4,-1
MMM,SHORT,2008-06-24,72.61,1,1.0,4.0,2008-06-27,69.71,3,4
MMM,LONG,2011-04-28,96.6,1,1.0,4.0,2011-05-05,95.61,5,-1.02
MMM,LONG,2013-02-08,103,1,1.0,4.0,2013-02-25,101.97,10,-1
MMM,LONG,2013-10-28,124.97,1,1.0,4.0,2013-11-14,129.97,13,4
MMM,LONG,2013-11-26,132.56,1,1.0,4.0,2013-12-02,131.23,3,-1
MMM,SHORT,2016-01-06,145.39,1,1.0,4.0,2016-01-11,139.57,3,4
MMM,SHORT,2016-10-06,171.19,1,1.0,4.0,2016-10-24,172.9,12,-1
MRK,SHORT,2011-02-03,32.89,1,1.0,4.0,2011-02-08,33.22,3,-1
MRK,LONG,2012-01-05,38.57,1,1.0,4.0,2012-01-09,38.18,2,-1
MRK,LONG,2012-06-26,40.32,1,1.0,4.0,2012-07-03,41.93,5,4
MRK,LONG,2013-11-27,49.85,1,1.0,4.0,2013-12-04,49.35,4,-1
MRK,LONG,2016-04-08,55.8,1,1.0,4.0,2016-04-11,55.24,1,-1
NKE,LONG,2015-08-05,58.31,1,1.0,4.0,2015-08-06,57.72,2,-1
PFE,SHORT,2008-06-10,17.92,1,1.0,4.0,2008-06-18,18.5,7,-3.24
PFE,LONG,2009-07-24,16.48,1,1.0,4.0,2009-07-27,16.32,1,-1
PFE,LONG,2012-10-04,25.42,1,1.0,4.0,2012-10-10,25.17,5,-1
PG,LONG,2011-12-29,66.96,1,1.0,4.0,2012-01-03,66.29,2,-1
PG,LONG,2013-04-23,81.71,1,1.0,4.0,2013-04-24,79.49,1,-2.72
PG,SHORT,2015-01-30,85,1,1.0,4.0,2015-02-03,85.95,2,-1.12
PG,SHORT,2015-03-10,82.36,1,1.0,4.0,2015-03-16,83.18,4,-1
TRV,SHORT,2007-07-24,51.38,1,1.0,4.0,2007-07-25,51.89,1,-1
TRV,LONG,2008-09-19,56.54,1,1.0,4.0,2008-09-19,55.97,1,-1
TRV,LONG,2009-10-26,51.92,1,1.0,4.0,2009-10-27,51.26,1,-1.27
TRV,LONG,2010-10-25,55.71,1,1.0,4.0,2010-10-26,54.54,1,-2.1
TRV,LONG,2011-05-02,63.56,1,1.0,4.0,2011-05-05,62.92,4,-1
TRV,SHORT,2014-01-23,83.42,1,1.0,4.0,2014-01-23,84.25,1,-1
TRV,LONG,2015-03-20,109.8,1,1.0,4.0,2015-03-25,108.7,3,-1
UNH,SHORT,2008-06-23,26.92,1,1.0,4.0,2008-06-25,27.19,2,-1
UNH,LONG,2015-03-18,118.7,1,1.0,4.0,2015-03-25,117.51,5,-1
UTX,SHORT,2010-05-25,64.34,1,1.0,4.0,2010-05-25,64.98,1,-1
UTX,SHORT,2014-07-24,109.1,1,1.0,4.0,2014-08-01,104.74,6,4
VZ,LONG,2013-03-20,49.16,1,1.0,4.0,2013-03-21,48.33,1,-1.69
VZ,LONG,2013-04-23,52.36,1,1.0,4.0,2013-04-24,51.84,1,-1
V,SHORT,2010-08-24,17.38,1,1.0,4.0,2010-08-24,17.55,1,-1
V,SHORT,2010-09-13,16.51,1,1.0,4.0,2010-09-14,16.67,1,-1
V,LONG,2012-10-03,34.48,1,1.0,4.0,2012-10-10,34.14,5,-1
V,LONG,2012-12-20,37.9,1,1.0,4.0,2012-12-21,37.52,1,-1
V,LONG,2013-12-13,51.99,1,1.0,4.0,2013-12-19,54.07,4,4
WMT,SHORT,2010-06-29,48.79,1,1.0,4.0,2010-07-06,49.34,4,-1.13
WMT,SHORT,2012-11-19,67.84,1,1.0,4.0,2012-11-20,69.24,1,-2.06
WMT,SHORT,2013-06-24,73,1,1.0,4.0,2013-06-25,74.27,1,-1.74
WMT,SHORT,2014-01-23,74.84,1,1.0,4.0,2014-02-14,75.59,17,-1
DIS,LONG,2007-05-23,36.26,1,1.0,4.0,2007-05-24,35.9,1,-1
DIS,LONG,2010-03-24,34.2,1,1.0,4.0,2010-03-26,35.57,2,4
DIS,LONG,2010-10-28,35.98,1,1.0,4.0,2010-11-11,35.62,10,-1
DIS,LONG,2012-09-21,52.96,1,1.0,4.0,2012-09-26,52.42,3,-1.02
DIS,LONG,2015-03-16,107.34,1,1.0,4.0,2015-03-17,106.27,1,-1
DIS,LONG,2015-06-22,113.56,1,1.0,4.0,2015-07-13,118.1,14,4
DIS,LONG,2015-07-09,117.2,1,1.0,4.0,2015-07-10,116.03,1,-1
DWDP,LONG,2008-05-16,42.91,1,1.0,4.0,2008-05-19,42.48,1,-1
DWDP,SHORT,2008-06-26,36.28,1,1.0,4.0,2008-06-27,34.83,2,4
DWDP,SHORT,2008-11-17,20.66,1,1.0,4.0,2008-11-18,20.9,1,-1.16
DWDP,SHORT,2009-02-05,10.49,1,1.0,4.0,2009-02-06,10.91,1,-4
DWDP,LONG,2009-07-27,20.25,1,1.0,4.0,2009-07-27,20.05,1,-1
DWDP,LONG,2009-08-03,22.44,1,1.0,4.0,2009-08-04,22.22,1,-1
DWDP,LONG,2011-02-07,37.51,1,1.0,4.0,2011-02-09,37.13,2,-1
DWDP,LONG,2011-05-02,41.41,1,1.0,4.0,2011-05-03,40.49,1,-2.22
DWDP,LONG,2012-01-17,32.72,1,1.0,4.0,2012-01-17,32.39,1,-1
DWDP,SHORT,2013-04-17,30.01,1,1.0,4.0,2013-04-17,30.31,1,-1
DWDP,LONG,2013-05-17,35.76,1,1.0,4.0,2013-05-22,35.4,3,-1
DWDP,LONG,2013-09-16,40.27,1,1.0,4.0,2013-09-16,39.87,1,-1
DWDP,LONG,2014-06-02,52.56,1,1.0,4.0,2014-06-04,52.03,2,-1
AAL,SHORT,2007-06-11,30.04,1,1.0,4.0,2007-06-12,28.84,1,4
AAL,LONG,2009-09-21,5.36,1,1.0,4.0,2009-09-22,5.31,1,-1
AAL,LONG,2009-12-24,5.22,1,1.0,4.0,2009-12-28,5.17,1,-1
AAL,LONG,2010-05-28,8.85,1,1.0,4.0,2010-06-01,8.64,1,-2.37
AAL,SHORT,2011-08-05,5.26,1,1.0,4.0,2011-08-08,5.31,1,-1
AAL,LONG,2013-10-22,21.53,1,1.0,4.0,2013-10-23,21.31,2,-1
AAL,SHORT,2016-05-03,34.09,1,1.0,4.0,2016-05-06,32.67,3,4.17
AAL,SHORT,2016-06-16,29.8,1,1.0,4.0,2016-06-20,30.1,3,-1
AAL,LONG,2016-12-09,49.27,1,1.0,4.0,2016-12-09,48.78,1,-1
ADBE,SHORT,2009-01-22,19.33,1,1.0,4.0,2009-01-23,19.52,1,-1
ADBE,LONG,2011-02-18,35.19,1,1.0,4.0,2011-02-22,34.84,1,-1
ADBE,LONG,2013-09-20,52.68,1,1.0,4.0,2013-09-23,52.07,1,-1.16
ADBE,SHORT,2014-10-10,65.37,1,1.0,4.0,2014-10-13,62.76,2,4
ADI,SHORT,2008-10-10,21.34,1,1.0,4.0,2008-10-10,21.55,1,-1
ADI,LONG,2010-11-02,34.1,1,1.0,4.0,2010-11-04,35.46,2,4
ADI,LONG,2015-05-22,66.86,1,1.0,4.0,2015-05-26,66.19,1,-1
ADP,LONG,2009-10-26,36.13,1,1.0,4.0,2009-10-27,35.52,1,-1.68
ADP,LONG,2010-09-28,37.45,1,1.0,4.0,2010-09-29,37.07,1,-1
ADP,LONG,2011-01-05,41.66,1,1.0,4.0,2011-01-24,43.33,12,4
ADP,LONG,2014-07-03,70.74,1,1.0,4.0,2014-07-11,70.03,5,-1
ADP,LONG,2014-07-22,71.27,1,1.0,4.0,2014-08-05,70.55,10,-1
ADP,SHORT,2016-01-15,76.84,1,1.0,4.0,2016-01-15,77.61,1,-1
ADSK,SHORT,2008-02-29,32.35,1,1.0,4.0,2008-03-03,30.97,1,4.27
ADSK,SHORT,2009-02-25,14.34,1,1.0,4.0,2009-02-27,12.72,2,11.3
ADSK,LONG,2009-04-24,19.57,1,1.0,4.0,2009-04-27,19.14,1,-2.2
ADSK,SHORT,2011-06-10,37.64,1,1.0,4.0,2011-06-13,38.02,1,-1
ADSK,SHORT,2016-01-15,49.84,1,1.0,4.0,2016-01-19,47.85,1,4
AKAM,SHORT,2008-09-11,17.61,1,1.0,4.0,2008-09-12,17.93,1,-1.82
AKAM,LONG,2010-03-05,28.76,1,1.0,4.0,2010-03-09,29.91,2,4
AKAM,LONG,2010-05-03,40.11,1,1.0,4.0,2010-05-04,39,1,-2.77
AKAM,SHORT,2011-06-10,29.83,1,1.0,4.0,2011-06-22,30.13,8,-1
AKAM,SHORT,2011-08-01,23.63,1,1.0,4.0,2011-08-03,22.68,2,4
AKAM,LONG,2015-03-20,73.31,1,1.0,4.0,2015-03-23,72.58,2,-1
ALGN,LONG,2009-08-19,13.36,1,1.0,4.0,2009-08-20,13.12,1,-1.8
ALGN,LONG,2011-12-02,25,1,1.0,4.0,2011-12-05,24.75,1,-1
ALGN,LONG,2012-03-28,28.51,1,1.0,4.0,2012-03-29,27.66,1,-2.98
ALGN,LONG,2016-07-07,82.64,1,1.0,4.0,2016-07-28,85.95,15,4
ALGN,LONG,2016-09-08,96.58,1,1.0,4.0,2016-09-09,94.57,1,-2.08
ALXN,LONG,2007-05-08,11.74,1,1.0,4.0,2007-05-10,11.62,2,-1
ALXN,LONG,2007-07-27,14.81,1,1.0,4.0,2007-07-30,14.59,1,-1.52
ALXN,LONG,2007-07-31,15.05,1,1.0,4.0,2007-08-01,14.5,1,-3.64
ALXN,LONG,2008-07-29,21.34,1,1.0,4.0,2008-07-29,22.2,1,4
ALXN,SHORT,2013-02-19,82.77,1,1.0,4.0,2013-02-19,83.6,1,-1
ALXN,SHORT,2016-01-19,155.27,1,1.0,4.0,2016-01-20,156.82,1,-1
ALXN,SHORT,2016-06-24,117.5,1,1.0,4.0,2016-06-24,118.67,1,-1
AMAT,LONG,2007-08-08,22.97,1,1.0,4.0,2007-08-09,22.74,1,-1
AMAT,SHORT,2010-08-31,10.29,1,1.0,4.0,2010-09-01,10.51,1,-2.14
AMAT,LONG,2013-06-03,15.44,1,1.0,4.0,2013-06-05,15.29,2,-1
AMAT,SHORT,2015-04-29,19.63,1,1.0,4.0,2015-04-30,19.92,1,-1.48
AMAT,LONG,2016-04-18,21.53,1,1.0,4.0,2016-04-19,21.31,1,-1
AMAT,LONG,2016-08-23,29.75,1,1.0,4.0,2016-09-09,29.45,12,-1
ATVI,LONG,2008-05-13,15.86,1,1.0,4.0,2008-05-15,16.5,2,4
ATVI,LONG,2013-05-08,15.34,1,1.0,4.0,2013-05-09,14.28,1,-6.91
ATVI,LONG,2014-07-01,22.41,1,1.0,4.0,2014-07-25,23.31,17,4
ATVI,LONG,2015-09-21,31.48,1,1.0,4.0,2015-09-22,31.17,1,-1
ATVI,LONG,2015-11-05,37.81,1,1.0,4.0,2015-11-06,37.43,1,-1
AVGO,LONG,2010-12-02,27.26,1,1.0,4.0,2010-12-03,26.99,1,-1
AVGO,LONG,2013-07-05,38.99,1,1.0,4.0,2013-07-08,38.6,1,-1
AVGO,LONG,2014-06-03,72.01,1,1.0,4.0,2014-06-04,71.26,1,-1.04
AVGO,LONG,2015-03-02,129.9,1,1.0,4.0,2015-03-03,128.24,1,-1.28
AVGO,LONG,2016-08-26,177.7,1,1.0,4.0,2016-08-31,175.92,3,-1
BIIB,LONG,2007-05-25,49.34,1,1.0,4.0,2007-05-29,48.85,1,-1
BIIB,SHORT,2008-06-23,57.27,1,1.0,4.0,2008-06-24,57.84,1,-1
BIIB,LONG,2010-03-10,58.49,1,1.0,4.0,2010-03-11,57.91,1,-1
BIIB,LONG,2011-03-03,70.74,1,1.0,4.0,2011-03-15,69.27,8,-2.08
BIIB,LONG,2011-10-28,119.76,1,1.0,4.0,2011-10-31,118.56,1,-1
BIIB,LONG,2013-03-05,171.12,1,1.0,4.0,2013-03-15,177.96,8,4
BIIB,LONG,2013-05-22,234.47,1,1.0,4.0,2013-05-23,230.25,1,-1.8
BIIB,LONG,2013-10-24,251.99,1,1.0,4.0,2013-10-24,249.47,1,-1
BIIB,SHORT,2015-04-30,374.35,1,1.0,4.0,2015-05-01,378.09,1,-1
BMRN,LONG,2007-11-06,28.6,1,1.0,4.0,2007-11-07,28.31,1,-1
BMRN,LONG,2010-01-11,20.55,1,1.0,4.0,2010-01-12,19.84,1,-3.45
BMRN,LONG,2012-01-05,35.61,1,1.0,4.0,2012-01-09,37.03,2,4
BMRN,LONG,2012-10-18,43.47,1,1.0,4.0,2012-10-19,42.72,1,-1.73
CA,LONG,2008-05-29,26.18,1,1.0,4.0,2008-06-02,25.92,2,-1
CA,LONG,2011-01-14,25.24,1,1.0,4.0,2011-01-26,24.19,7,-4.16
CA,LONG,2014-01-15,34.08,1,1.0,4.0,2014-01-22,36.18,4,6.16
CA,SHORT,2014-06-03,28.43,1,1.0,4.0,2014-06-03,28.71,1,-1
CELG,SHORT,2011-08-05,27.7,1,1.0,4.0,2011-08-08,26.6,1,4
CELG,LONG,2012-01-17,36.76,1,1.0,4.0,2012-01-17,36.4,1,-1
CELG,LONG,2013-07-30,72.08,1,1.0,4.0,2013-08-06,71.36,5,-1
CELG,LONG,2016-08-05,117.62,1,1.0,4.0,2016-08-08,115.49,1,-1.81
CERN,LONG,2009-03-16,11.27,1,1.0,4.0,2009-03-16,11.16,1,-1
CERN,LONG,2009-06-19,15.19,1,1.0,4.0,2009-06-22,14.9,1,-1.91
CERN,LONG,2009-08-03,16.57,1,1.0,4.0,2009-08-04,15.64,1,-5.6
CERN,LONG,2011-03-24,27.21,1,1.0,4.0,2011-04-01,28.3,6,4
CERN,LONG,2013-02-08,43.86,1,1.0,4.0,2013-02-11,43.42,1,-1
CERN,LONG,2013-10-16,55.99,1,1.0,4.0,2013-10-22,58.62,4,4.7
CERN,SHORT,2015-06-09,65.97,1,1.0,4.0,2015-06-10,66.63,1,-1
CERN,SHORT,2016-10-13,60.25,1,1.0,4.0,2016-10-14,61.5,1,-2.07
CHKP,LONG,2009-10-06,29.04,1,1.0,4.0,2009-10-19,30.2,9,4
CHKP,LONG,2010-12-22,45.98,1,1.0,4.0,2010-12-27,45.52,2,-1
CHKP,LONG,2014-01-30,67.26,1,1.0,4.0,2014-01-31,66.59,1,-1
CHTR,LONG,2011-01-14,40.87,1,1.0,4.0,2011-01-26,42.5,7,4
CHTR,LONG,2013-02-26,86.33,1,1.0,4.0,2013-02-28,85.47,2,-1
CHTR,LONG,2013-10-14,137.31,1,1.0,4.0,2013-10-15,135.94,1,-1
CHTR,SHORT,2015-05-28,172.38,1,1.0,4.0,2015-05-29,175.75,1,-1.95
CHTR,SHORT,2016-01-15,167.29,1,1.0,4.0,2016-01-20,168.96,2,-1
CTRP,LONG,2007-09-26,13.12,1,1.0,4.0,2007-09-26,12.99,1,-1
CTRP,SHORT,2008-06-26,11.44,1,1.0,4.0,2008-06-27,11.55,1,-1
CTRP,LONG,2009-05-06,8.43,1,1.0,4.0,2009-05-07,8.34,1,-1
CTRP,SHORT,2011-12-12,11.47,1,1.0,4.0,2011-12-13,11.63,1,-1.44
CTRP,LONG,2016-08-30,47.86,1,1.0,4.0,2016-08-31,47.38,1,-1
CTAS,SHORT,2008-01-23,30.19,1,1.0,4.0,2008-01-23,30.49,1,-1
CTAS,LONG,2009-03-23,24.67,1,1.0,4.0,2009-03-24,24.42,1,-1
CTAS,SHORT,2010-02-16,23.25,1,1.0,4.0,2010-02-16,23.48,1,-1
CTAS,LONG,2011-05-12,31.96,1,1.0,4.0,2011-05-17,31.58,3,-1.19
CTXS,SHORT,2009-02-02,16.57,1,1.0,4.0,2009-02-03,17.21,1,-3.86
CTXS,LONG,2009-05-26,24.13,1,1.0,4.0,2009-05-28,23.89,2,-1
CTXS,LONG,2009-09-28,30.54,1,1.0,4.0,2009-10-02,30.09,4,-1.47
CTXS,LONG,2010-09-10,50.89,1,1.0,4.0,2010-09-14,52.93,2,4
CMCSA,SHORT,2007-10-29,10.4,1,1.0,4.0,2007-10-30,10.5,1,-1
CMCSA,SHORT,2008-01-08,8.39,1,1.0,4.0,2008-01-09,8.47,1,-1
CMCSA,LONG,2010-05-03,10.06,1,1.0,4.0,2010-05-04,9.95,1,-1
CMCSA,LONG,2011-01-05,11.31,1,1.0,4.0,2011-01-19,11.76,9,4
CMCSA,LONG,2012-02-17,14.53,1,1.0,4.0,2012-03-06,14.39,11,-1
CMCSA,LONG,2012-02-22,14.65,1,1.0,4.0,2012-02-27,14.45,3,-1.3
COST,SHORT,2008-07-25,62.3,1,1.0,4.0,2008-07-30,62.92,3,-1
COST,LONG,2010-09-28,64.32,1,1.0,4.0,2010-10-06,63,6,-2.05
COST,SHORT,2011-08-10,70.45,1,1.0,4.0,2011-08-11,71.15,1,-1
COST,LONG,2016-12-12,160.91,1,1.0,4.0,2016-12-13,159.3,1,-1
CSX,LONG,2008-05-21,22.97,1,1.0,4.0,2008-05-22,22.74,1,-1
CSX,SHORT,2008-10-06,15.17,1,1.0,4.0,2008-10-06,15.32,1,-1
CSX,SHORT,2008-11-17,12.79,1,1.0,4.0,2008-11-17,12.91,1,-1
CSX,LONG,2011-03-03,25.09,1,1.0,4.0,2011-03-04,24.84,1,-1
CSX,LONG,2016-10-04,30.61,1,1.0,4.0,2016-10-05,30.3,1,-1
CTSH,SHORT,2007-11-08,15.56,1,1.0,4.0,2007-11-09,15.72,1,-1
CTSH,SHORT,2007-11-12,14.99,1,1.0,4.0,2007-11-13,15.57,1,-3.87
CTSH,SHORT,2008-01-15,13.52,1,1.0,4.0,2008-01-16,12.98,1,4
CTSH,SHORT,2008-09-18,12.11,1,1.0,4.0,2008-09-19,13.02,1,-7.47
CTSH,LONG,2010-03-23,26.12,1,1.0,4.0,2010-03-25,25.86,2,-1
CTSH,LONG,2010-09-13,32,1,1.0,4.0,2010-09-15,31.68,2,-1
CTSH,SHORT,2016-01-06,57,1,1.0,4.0,2016-01-06,57.57,1,-1
DISCA,LONG,2009-04-29,9.66,1,1.0,4.0,2009-04-30,10.09,1,4.5
DISCA,LONG,2010-04-20,18.24,1,1.0,4.0,2010-04-23,18.97,3,4
DISCA,LONG,2010-09-17,21.53,1,1.0,4.0,2010-09-21,22.39,2,4
DISCA,LONG,2012-12-20,32.82,1,1.0,4.0,2012-12-21,32.29,1,-1.62
DISCA,LONG,2013-01-28,35.43,1,1.0,4.0,2013-01-28,35.07,1,-1
DISCA,SHORT,2014-01-29,39.23,1,1.0,4.0,2014-01-30,40.32,1,-2.77
DISCA,SHORT,2014-10-01,37.29,1,1.0,4.0,2014-10-02,35.8,1,4
DISCK,LONG,2009-10-08,13.74,1,1.0,4.0,2009-10-13,13.6,3,-1
DISCK,LONG,2012-12-20,29.75,1,1.0,4.0,2012-12-21,28.73,1,-3.45
DISCK,LONG,2013-01-28,31.5,1,1.0,4.0,2013-01-29,31.19,2,-1
DISCK,SHORT,2014-01-29,35.6,1,1.0,4.0,2014-01-29,35.96,1,-1
DISCK,SHORT,2014-04-30,34.78,1,1.0,4.0,2014-05-01,35.24,1,-1.32
DISH,LONG,2007-04-12,46.16,1,1.0,4.0,2007-05-01,48.01,13,4
DISH,LONG,2007-10-01,47.21,1,1.0,4.0,2007-10-02,46.74,1,-1
DISH,LONG,2011-05-20,30.04,1,1.0,4.0,2011-05-20,29.74,1,-1
DISH,LONG,2012-10-22,36.02,1,1.0,4.0,2012-10-23,35.66,1,-1
DISH,LONG,2013-07-17,45.05,1,1.0,4.0,2013-07-18,46.85,2,4
DISH,LONG,2013-11-26,52.79,1,1.0,4.0,2013-12-06,54.9,7,4
DISH,LONG,2013-12-19,55.58,1,1.0,4.0,2013-12-26,57.8,4,4
DISH,LONG,2014-07-01,65.76,1,1.0,4.0,2014-07-08,65.1,4,-1
DISH,LONG,2014-11-21,75.27,1,1.0,4.0,2014-11-24,74.16,1,-1.47
DISH,SHORT,2015-04-30,67.57,1,1.0,4.0,2015-05-01,68.25,1,-1
DLTR,LONG,2010-05-24,20.99,1,1.0,4.0,2010-05-25,20.58,1,-1.95
DLTR,LONG,2011-04-05,28.61,1,1.0,4.0,2011-04-08,28.32,3,-1
DLTR,LONG,2012-02-13,43.49,1,1.0,4.0,2012-02-22,43.06,7,-1
DLTR,LONG,2012-03-05,45.57,1,1.0,4.0,2012-03-21,47.4,12,4
EA,SHORT,2008-11-17,19.27,1,1.0,4.0,2008-11-18,19.46,1,-1
EA,SHORT,2009-12-08,16.01,1,1.0,4.0,2009-12-09,16.38,1,-2.31
EA,SHORT,2010-05-25,15.94,1,1.0,4.0,2010-05-25,16.1,1,-1
EA,LONG,2011-02-04,18.21,1,1.0,4.0,2011-02-09,18.03,3,-1
EA,SHORT,2012-04-18,15.17,1,1.0,4.0,2012-04-23,14.56,3,4
EA,SHORT,2012-07-12,11.49,1,1.0,4.0,2012-07-13,11.62,1,-1.13
EA,LONG,2013-02-21,17.76,1,1.0,4.0,2013-02-26,17.58,3,-1
EA,LONG,2013-02-25,17.93,1,1.0,4.0,2013-02-26,17.75,1,-1
EA,LONG,2014-03-14,30.11,1,1.0,4.0,2014-03-17,29.66,1,-1.49
EA,LONG,2014-11-21,43.74,1,1.0,4.0,2014-12-01,43.3,5,-1
EA,LONG,2015-07-09,69.96,1,1.0,4.0,2015-07-13,72.76,2,4
EBAY,LONG,2009-07-20,7.94,1,1.0,4.0,2009-07-21,7.86,1,-1
EBAY,LONG,2010-03-09,10.51,1,1.0,4.0,2010-03-12,10.93,3,4
EBAY,LONG,2014-02-26,23.89,1,1.0,4.0,2014-02-27,24.84,1,4
ESRX,LONG,2007-07-05,25.69,1,1.0,4.0,2007-07-06,26.72,1,4
ESRX,LONG,2009-09-09,37.36,1,1.0,4.0,2009-09-10,36.99,1,-1
ESRX,LONG,2010-03-01,48.34,1,1.0,4.0,2010-03-19,50.42,14,4.3
ESRX,LONG,2012-04-19,58.9,1,1.0,4.0,2012-04-20,58.31,1,-1
ESRX,LONG,2013-11-29,67.93,1,1.0,4.0,2013-12-02,67.25,1,-1
ESRX,LONG,2014-02-20,77.41,1,1.0,4.0,2014-02-21,75,1,-3.11
EXPE,LONG,2007-04-10,48.05,1,1.0,4.0,2007-04-11,47.57,1,-1
EXPE,LONG,2007-06-19,59.28,1,1.0,4.0,2007-06-19,58.69,1,-1
EXPE,SHORT,2008-01-22,45.4,1,1.0,4.0,2008-01-22,45.85,1,-1
EXPE,LONG,2009-08-03,42.55,1,1.0,4.0,2009-08-04,42.12,1,-1
EXPE,LONG,2013-12-18,67,1,1.0,4.0,2013-12-31,69.68,8,4
EXPE,LONG,2014-02-11,75.46,1,1.0,4.0,2014-02-19,78.48,5,4
EXPE,LONG,2016-10-24,128.11,1,1.0,4.0,2016-10-26,126.83,3,-1
FAST,LONG,2008-09-02,26.76,1,1.0,4.0,2008-09-03,26.15,1,-2.28
FAST,LONG,2010-09-30,27.09,1,1.0,4.0,2010-09-30,26.82,1,-1
FAST,LONG,2015-06-22,43.47,1,1.0,4.0,2015-06-24,43.04,2,-1
FAST,LONG,2016-03-03,47.04,1,1.0,4.0,2016-03-04,45.99,1,-2.23
FB,LONG,2013-07-29,34.89,1,1.0,4.0,2013-07-30,36.29,1,4
FB,LONG,2014-02-24,70.12,1,1.0,4.0,2014-02-26,69.42,2,-1
FB,SHORT,2016-11-14,115.26,1,1.0,4.0,2016-11-15,116.73,1,-1.28
FISV,LONG,2007-04-24,27.62,1,1.0,4.0,2007-04-25,27.34,1,-1
FISV,LONG,2009-05-20,20.9,1,1.0,4.0,2009-05-21,20.48,1,-2.01
FISV,LONG,2010-10-25,27.95,1,1.0,4.0,2010-10-26,27.55,1,-1.45
FISV,LONG,2014-10-31,70.07,1,1.0,4.0,2014-10-31,69.37,1,-1
FOX,SHORT,2007-08-15,18.38,1,1.0,4.0,2007-08-16,18.57,1,-1
FOX,SHORT,2008-07-15,12.53,1,1.0,4.0,2008-07-16,12.79,1,-2.05
FOX,LONG,2010-04-13,15.88,1,1.0,4.0,2010-04-26,16.51,9,4
FOX,SHORT,2010-05-25,12.79,1,1.0,4.0,2010-05-25,12.92,1,-1
FOX,LONG,2013-02-01,25.33,1,1.0,4.0,2013-02-04,25.07,1,-1.02
FOX,LONG,2014-05-12,33.78,1,1.0,4.0,2014-05-14,33.44,2,-1
FOXA,LONG,2010-04-13,13.56,1,1.0,4.0,2010-04-16,14.1,3,4
FOXA,LONG,2013-02-01,24.94,1,1.0,4.0,2013-02-04,24.66,1,-1.1
FOXA,LONG,2013-07-22,31.32,1,1.0,4.0,2013-07-22,31.01,1,-1
FOXA,LONG,2014-11-28,36.86,1,1.0,4.0,2014-11-28,36.49,1,-1
GILD,LONG,2007-10-15,21.78,1,1.0,4.0,2007-10-15,21.56,1,-1
GILD,SHORT,2009-10-23,21.89,1,1.0,4.0,2009-10-26,22.11,1,-1
GILD,LONG,2010-01-29,24.17,1,1.0,4.0,2010-02-01,23.93,1,-1
GILD,LONG,2013-01-30,40.2,1,1.0,4.0,2013-01-31,39.75,1,-1.12
GILD,LONG,2016-04-26,102.46,1,1.0,4.0,2016-04-27,101.3,1,-1.13
GILD,SHORT,2016-08-31,77.62,1,1.0,4.0,2016-09-01,78.43,1,-1.04
GOOGL,LONG,2007-07-09,272.48,1,1.0,4.0,2007-07-20,256.21,9,-5.97
GOOGL,LONG,2009-11-25,293.6,1,1.0,4.0,2009-11-27,286.29,1,-2.49
GOOGL,LONG,2014-07-22,606.71,1,1.0,4.0,2014-07-25,599.25,3,-1.23
GOOGL,LONG,2015-07-16,589.72,1,1.0,4.0,2015-07-17,680,1,15.31
GOOGL,LONG,2015-07-21,703.01,1,1.0,4.0,2015-07-22,694.02,1,-1.28
HAS,LONG,2015-04-20,70,1,1.0,4.0,2015-04-20,72.8,1,4
HAS,LONG,2016-04-04,80.34,1,1.0,4.0,2016-04-05,79.54,1,-1
HSIC,SHORT,2008-10-08,24.83,1,1.0,4.0,2008-10-08,25.07,1,-1
HSIC,LONG,2016-06-06,88.25,1,1.0,4.0,2016-06-15,87.36,7,-1
HSIC,SHORT,2016-11-01,73.7,1,1.0,4.0,2016-11-02,75.84,1,-2.9
HOLX,SHORT,2008-10-08,14.79,1,1.0,4.0,2008-10-08,14.94,1,-1
HOLX,LONG,2011-01-03,19.18,1,1.0,4.0,2011-01-04,18.99,1,-1
HOLX,LONG,2011-01-20,19.7,1,1.0,4.0,2011-01-20,19.5,1,-1
HOLX,LONG,2012-01-17,19.35,1,1.0,4.0,2012-01-17,19.16,1,-1
HOLX,LONG,2015-02-23,31.81,1,1.0,4.0,2015-03-05,31.38,8,-1.35
HOLX,LONG,2015-03-20,33.15,1,1.0,4.0,2015-03-24,32.82,2,-1
HOLX,LONG,2015-05-29,35.51,1,1.0,4.0,2015-06-10,36.93,8,4
ILMN,SHORT,2008-10-06,35.1,1,1.0,4.0,2008-10-06,33.7,1,4
ILMN,SHORT,2008-10-08,29.69,1,1.0,4.0,2008-10-09,32.48,1,-9.4
ILMN,LONG,2010-06-11,44.48,1,1.0,4.0,2010-06-22,44.04,7,-1
ILMN,LONG,2011-01-18,69.78,1,1.0,4.0,2011-01-20,69.08,2,-1
ILMN,LONG,2013-05-08,67.01,1,1.0,4.0,2013-05-10,69.69,2,4
ILMN,LONG,2013-09-13,84.51,1,1.0,4.0,2013-09-17,83.66,2,-1
ILMN,LONG,2014-02-26,180.75,1,1.0,4.0,2014-02-27,178.92,1,-1.01
ILMN,LONG,2016-10-06,186.62,1,1.0,4.0,2016-10-07,184.75,1,-1
INCY,SHORT,2007-08-03,4.76,1,1.0,4.0,2007-08-06,5,1,-5.04
INCY,LONG,2007-10-15,8.59,1,1.0,4.0,2007-10-16,8.5,1,-1
INCY,LONG,2007-12-06,9.69,1,1.0,4.0,2007-12-07,9.59,1,-1
INCY,LONG,2009-07-23,4.7,1,1.0,4.0,2009-07-24,5.08,1,8.09
INCY,LONG,2009-08-19,6.34,1,1.0,4.0,2009-08-20,6.28,1,-1
INCY,LONG,2011-04-14,17.68,1,1.0,4.0,2011-04-15,17.48,1,-1.13
INCY,LONG,2012-07-05,25.1,1,1.0,4.0,2012-07-06,24.85,1,-1
INCY,LONG,2014-01-08,54.37,1,1.0,4.0,2014-01-10,57.29,2,5.37
INCY,LONG,2014-11-28,76.12,1,1.0,4.0,2014-11-28,75.36,1,-1
INCY,LONG,2015-01-28,83.85,1,1.0,4.0,2015-01-29,81.7,1,-2.56
INTU,LONG,2007-10-03,31.36,1,1.0,4.0,2007-10-04,31.05,1,-1
INTU,LONG,2010-03-12,34.56,1,1.0,4.0,2010-03-26,34.21,10,-1
INTU,LONG,2011-02-14,50.73,1,1.0,4.0,2011-02-15,50.22,1,-1
INTU,SHORT,2012-05-14,55.11,1,1.0,4.0,2012-05-15,55.66,1,-1
INTU,LONG,2012-10-05,61.42,1,1.0,4.0,2012-10-08,60.75,2,-1.09
INTU,LONG,2014-07-24,82.96,1,1.0,4.0,2014-07-31,82.13,5,-1
INTU,LONG,2014-08-19,84.89,1,1.0,4.0,2014-08-22,84.04,3,-1
INTU,LONG,2015-02-24,96.9,1,1.0,4.0,2015-03-10,95.93,10,-1
INTU,LONG,2015-03-18,99.76,1,1.0,4.0,2015-03-25,98.76,5,-1
INTU,LONG,2015-03-20,100.67,1,1.0,4.0,2015-03-25,99.65,3,-1.01
ISRG,LONG,2007-10-05,81.8,1,1.0,4.0,2007-10-08,85.08,1,4
ISRG,SHORT,2008-11-17,48.09,1,1.0,4.0,2008-11-18,41.4,1,13.92
ISRG,LONG,2012-03-26,179.35,1,1.0,4.0,2012-04-10,177.56,10,-1
ISRG,LONG,2012-10-19,181.41,1,1.0,4.0,2012-10-26,179.57,5,-1.02
ISRG,LONG,2014-01-14,146.84,1,1.0,4.0,2014-01-14,145.37,1,-1
ISRG,LONG,2015-12-14,176.64,1,1.0,4.0,2015-12-29,183.7,10,4
ISRG,LONG,2016-04-06,209.32,1,1.0,4.0,2016-04-07,207.23,1,-1
JBHT,SHORT,2008-10-06,28.05,1,1.0,4.0,2008-10-06,28.33,1,-1
JBHT,LONG,2013-01-04,62.11,1,1.0,4.0,2013-01-07,60.05,1,-3.32
KLAC,LONG,2007-07-19,62.01,1,1.0,4.0,2007-07-23,61.39,2,-1
KLAC,SHORT,2008-07-11,37.4,1,1.0,4.0,2008-07-11,37.77,1,-1
KLAC,LONG,2009-08-03,32.37,1,1.0,4.0,2009-08-04,32,1,-1.14
KLAC,LONG,2010-04-26,34.56,1,1.0,4.0,2010-04-27,34.21,2,-1
KLAC,LONG,2011-02-16,48.78,1,1.0,4.0,2011-02-22,48.29,4,-1
KLAC,SHORT,2011-05-23,40.19,1,1.0,4.0,2011-05-24,40.91,1,-1.79
LBTYK,LONG,2010-10-07,15.72,1,1.0,4.0,2010-10-08,15.56,1,-1
LBTYK,LONG,2010-11-04,18.52,1,1.0,4.0,2010-11-05,18.33,1,-1
LBTYK,LONG,2011-02-11,20.32,1,1.0,4.0,2011-02-14,20.12,1,-1
LBTYK,SHORT,2011-08-05,18.53,1,1.0,4.0,2011-08-08,17.08,1,7.85
LBTYK,LONG,2014-02-20,43.46,1,1.0,4.0,2014-02-20,43.03,1,-1
LBTYA,LONG,2007-07-17,22.84,1,1.0,4.0,2007-07-20,22.61,3,-1
LBTYA,LONG,2011-02-11,21.68,1,1.0,4.0,2011-02-14,21.46,1,-1
LBTYA,SHORT,2011-08-05,19.75,1,1.0,4.0,2011-08-08,18.05,1,8.62
LBTYA,LONG,2012-02-03,24.25,1,1.0,4.0,2012-02-06,24.01,1,-1
LBTYA,LONG,2012-08-07,28.21,1,1.0,4.0,2012-08-08,27.93,1,-1
LBTYA,SHORT,2015-12-14,40.84,1,1.0,4.0,2015-12-16,41.25,2,-1
QVCA,SHORT,2008-10-15,6.19,1,1.0,4.0,2008-10-16,5.45,1,12
QVCA,SHORT,2008-11-03,3.99,1,1.0,4.0,2008-11-04,4.19,1,-4.91
QVCA,LONG,2010-03-09,11.6,1,1.0,4.0,2010-03-10,11.37,1,-1.98
QVCA,SHORT,2010-05-25,10.11,1,1.0,4.0,2010-05-26,10.45,1,-3.36
QVCA,LONG,2012-02-07,15.51,1,1.0,4.0,2012-02-09,15.35,2,-1
QVCA,LONG,2012-03-15,16.19,1,1.0,4.0,2012-03-23,16.02,6,-1
QVCA,LONG,2013-10-16,22.02,1,1.0,4.0,2013-10-18,22.9,2,4
QVCA,SHORT,2014-01-29,22.65,1,1.0,4.0,2014-01-30,22.87,1,-1
MELI,LONG,2007-12-12,50.5,1,1.0,4.0,2007-12-13,49.99,1,-1
MELI,LONG,2009-11-25,49.46,1,1.0,4.0,2009-11-27,47.26,1,-4.45
MAR,SHORT,2008-06-24,25.2,1,1.0,4.0,2008-06-24,25.45,1,-1
MAR,SHORT,2008-11-17,14.27,1,1.0,4.0,2008-11-18,14.41,1,-1
MAR,LONG,2013-02-08,40.75,1,1.0,4.0,2013-02-20,39.87,7,-2.16
MAR,LONG,2013-11-04,45.92,1,1.0,4.0,2013-11-05,45.46,1,-1
MAR,LONG,2013-12-20,47.97,1,1.0,4.0,2014-01-15,49.89,17,4
MAR,LONG,2014-03-26,55.82,1,1.0,4.0,2014-03-27,55.26,1,-1
MAR,SHORT,2016-10-13,66.15,1,1.0,4.0,2016-10-14,67.43,1,-1.93
MAR,LONG,2016-12-05,80.51,1,1.0,4.0,2016-12-07,83.73,3,4
MAT,LONG,2010-03-09,22.93,1,1.0,4.0,2010-03-09,22.7,1,-1
MAT,LONG,2010-11-18,25.25,1,1.0,4.0,2010-11-19,25,1,-1
MAT,LONG,2012-09-18,36.21,1,1.0,4.0,2012-09-19,35.35,1,-2.38
MAT,SHORT,2013-07-19,42.79,1,1.0,4.0,2013-08-27,40.93,27,4.35
MAT,SHORT,2015-07-21,23.72,1,1.0,4.0,2015-08-03,22.77,9,4
MAT,LONG,2015-12-11,26.1,1,1.0,4.0,2015-12-14,27.14,1,4
MDLZ,LONG,2007-06-04,34.57,1,1.0,4.0,2007-06-05,34.22,1,-1
MDLZ,SHORT,2008-06-18,30.04,1,1.0,4.0,2008-06-26,28.84,6,4
MDLZ,LONG,2010-09-17,31.6,1,1.0,4.0,2010-09-20,31.28,1,-1
MDLZ,LONG,2010-10-25,32.19,1,1.0,4.0,2010-10-27,31.87,2,-1
MDLZ,LONG,2012-08-24,41.61,1,1.0,4.0,2012-09-07,40.84,9,-1.85
MDLZ,SHORT,2012-11-08,25.8,1,1.0,4.0,2012-11-08,26.06,1,-1
MDLZ,LONG,2013-04-23,31.81,1,1.0,4.0,2013-04-24,31.49,1,-1
MDLZ,LONG,2014-04-24,35.42,1,1.0,4.0,2014-04-25,35.07,1,-1
MDLZ,SHORT,2014-09-26,34.47,1,1.0,4.0,2014-10-03,34.81,6,-1
MDLZ,LONG,2015-08-03,45.32,1,1.0,4.0,2015-08-06,48.55,3,7.13
MDLZ,SHORT,2016-01-15,40.51,1,1.0,4.0,2016-01-19,41.05,1,-1.33
MNST,SHORT,2008-04-18,5.33,1,1.0,4.0,2008-04-21,5.38,1,-1
MNST,LONG,2010-03-01,7,1,1.0,4.0,2010-03-02,6.93,1,-1
MNST,LONG,2011-04-26,10.89,1,1.0,4.0,2011-05-03,10.78,5,-1
MNST,LONG,2011-05-27,11.88,1,1.0,4.0,2011-06-21,12.36,16,4
MNST,LONG,2014-10-23,33.03,1,1.0,4.0,2014-10-24,32.7,1,-1
MU,LONG,2007-07-10,13.64,1,1.0,4.0,2007-07-10,13.5,1,-1
MU,LONG,2007-07-16,14.03,1,1.0,4.0,2007-07-17,13.89,1,-1
MU,SHORT,2008-10-28,3.29,1,1.0,4.0,2008-10-29,3.7,1,-12.46
MU,LONG,2009-08-05,6.85,1,1.0,4.0,2009-08-06,6.78,1,-1
MU,SHORT,2010-08-31,6.39,1,1.0,4.0,2010-09-01,6.64,1,-3.91
MU,LONG,2011-02-01,10.78,1,1.0,4.0,2011-02-07,11.21,4,4
MU,LONG,2013-01-07,7.06,1,1.0,4.0,2013-01-09,7.34,3,4
MU,LONG,2013-09-06,15.28,1,1.0,4.0,2013-09-10,15.9,2,4.06
MU,LONG,2014-02-10,24.78,1,1.0,4.0,2014-02-25,24.53,10,-1
MU,LONG,2014-11-26,35.26,1,1.0,4.0,2014-12-02,34.91,3,-1
MU,SHORT,2016-01-13,12.2,1,1.0,4.0,2016-01-14,11.71,1,4
MU,LONG,2016-08-17,15.71,1,1.0,4.0,2016-08-18,15.55,1,-1.02
MU,LONG,2016-11-21,19.39,1,1.0,4.0,2016-11-25,20.17,4,4
MXIM,SHORT,2007-11-08,24.13,1,1.0,4.0,2007-11-12,24.37,2,-1
MXIM,LONG,2008-05-19,23.05,1,1.0,4.0,2008-05-20,22.6,1,-1.95
MXIM,LONG,2009-04-14,14.46,1,1.0,4.0,2009-04-15,13.97,1,-3.39
MXIM,LONG,2009-05-28,16.06,1,1.0,4.0,2009-05-29,15.9,1,-1
MXIM,LONG,2012-12-11,30.01,1,1.0,4.0,2012-12-13,29.71,2,-1
MXIM,LONG,2016-07-26,39.2,1,1.0,4.0,2016-07-26,40.77,1,4
MYL,SHORT,2008-10-08,7.81,1,1.0,4.0,2008-10-09,8.49,1,-8.71
MYL,LONG,2012-11-27,27.32,1,1.0,4.0,2012-11-28,27.05,1,-1
MYL,LONG,2013-03-04,30.48,1,1.0,4.0,2013-03-11,30.18,5,-1
MYL,SHORT,2016-10-03,37.64,1,1.0,4.0,2016-10-04,38.07,1,-1.14
NTES,SHORT,2007-08-16,14,1,1.0,4.0,2007-08-16,14.14,1,-1
NTES,LONG,2007-10-15,19.64,1,1.0,4.0,2007-10-16,19.39,1,-1.27
NTES,LONG,2009-06-10,38.53,1,1.0,4.0,2009-06-11,36.44,1,-5.42
NTES,SHORT,2010-01-26,33.31,1,1.0,4.0,2010-01-28,33.64,2,-1
NTES,SHORT,2010-12-20,35.79,1,1.0,4.0,2010-12-21,36.15,1,-1
NTES,LONG,2011-02-14,45.73,1,1.0,4.0,2011-02-15,44.6,1,-2.47
NTES,LONG,2011-04-07,52.7,1,1.0,4.0,2011-04-11,52.17,2,-1
NTES,LONG,2013-12-27,77.11,1,1.0,4.0,2014-01-07,80.19,6,4
NTES,LONG,2015-04-10,121.01,1,1.0,4.0,2015-04-13,118.5,1,-2.07
NTES,LONG,2015-11-09,149,1,1.0,4.0,2015-11-10,147.32,1,-1.13
NTES,LONG,2015-12-08,179.92,1,1.0,4.0,2015-12-09,178.12,1,-1
NVDA,SHORT,2008-03-17,17.52,1,1.0,4.0,2008-03-17,17.7,1,-1
NVDA,LONG,2009-07-27,13.05,1,1.0,4.0,2009-07-28,12.92,1,-1
NVDA,SHORT,2012-04-18,13.75,1,1.0,4.0,2012-04-19,13.89,1,-1
NVDA,SHORT,2012-05-22,12.01,1,1.0,4.0,2012-05-23,12.13,1,-1
NVDA,LONG,2013-05-10,14.2,1,1.0,4.0,2013-05-16,14.77,5,4
NVDA,LONG,2015-03-20,23.41,1,1.0,4.0,2015-03-23,22.77,2,-2.73
NVDA,LONG,2016-05-18,42.81,1,1.0,4.0,2016-05-23,44.52,3,4
PAYX,SHORT,2008-07-07,30.79,1,1.0,4.0,2008-07-08,31.1,1,-1
PAYX,LONG,2009-12-04,32.35,1,1.0,4.0,2009-12-08,32.03,2,-1
PAYX,LONG,2010-03-23,32.82,1,1.0,4.0,2010-03-23,32.49,1,-1
PAYX,LONG,2012-01-09,30.95,1,1.0,4.0,2012-01-13,30.64,4,-1
PAYX,LONG,2013-10-24,42.86,1,1.0,4.0,2013-10-30,41.28,4,-3.69
PAYX,LONG,2015-03-20,51.6,1,1.0,4.0,2015-03-25,50.81,4,-1.53
PAYX,SHORT,2016-11-03,54.16,1,1.0,4.0,2016-11-07,54.7,2,-1
PCLN,LONG,2007-04-30,57.62,1,1.0,4.0,2007-05-01,56.04,1,-2.74
PCLN,LONG,2007-05-08,63.66,1,1.0,4.0,2007-05-09,62.43,1,-1.93
PCLN,LONG,2007-10-05,92.26,1,1.0,4.0,2007-10-10,95.95,3,4
PCLN,LONG,2009-08-10,142.9,1,1.0,4.0,2009-08-10,148.62,1,4
PCLN,LONG,2012-03-21,699.9,1,1.0,4.0,2012-03-26,727.9,3,4
PCLN,LONG,2013-07-11,900.85,1,1.0,4.0,2013-07-19,891.84,7,-1
PCLN,LONG,2013-11-13,1109.51,1,1.0,4.0,2013-11-20,1153.89,5,4
PCLN,LONG,2014-02-25,1333.13,1,1.0,4.0,2014-03-12,1319.8,11,-1
PCLN,SHORT,2014-10-10,1094.8,1,1.0,4.0,2014-10-13,1051.01,2,4
PCLN,LONG,2016-03-18,1357.91,1,1.0,4.0,2016-03-21,1340.95,1,-1.25
QCOM,SHORT,2010-03-01,36.46,1,1.0,4.0,2010-03-02,36.82,1,-1
QCOM,SHORT,2010-05-25,34.82,1,1.0,4.0,2010-05-26,35.75,1,-2.67
QCOM,LONG,2010-09-03,40.28,1,1.0,4.0,2010-09-03,39.88,1,-1
QCOM,LONG,2011-11-07,56.97,1,1.0,4.0,2011-11-08,56.4,1,-1
QCOM,LONG,2013-09-05,67.75,1,1.0,4.0,2013-09-30,66.94,17,-1.2
QCOM,SHORT,2014-07-28,75.65,1,1.0,4.0,2014-08-01,72.62,4,4
QCOM,LONG,2016-07-26,61.19,1,1.0,4.0,2016-08-02,60.58,5,-1
REGN,SHORT,2007-07-18,17.36,1,1.0,4.0,2007-07-19,17.65,1,-1.67
REGN,LONG,2008-01-22,25.01,1,1.0,4.0,2008-01-23,23.88,1,-4.52
REGN,SHORT,2009-11-04,15.17,1,1.0,4.0,2009-11-05,15.32,1,-1
REGN,LONG,2009-12-30,24.6,1,1.0,4.0,2009-12-31,24.35,1,-1
REGN,LONG,2010-01-21,25.99,1,1.0,4.0,2010-01-25,25.73,2,-1
REGN,LONG,2010-10-04,27.54,1,1.0,4.0,2010-10-06,28.64,2,4
REGN,LONG,2011-04-20,49.45,1,1.0,4.0,2011-04-25,48.96,2,-1
REGN,LONG,2013-05-03,258.95,1,1.0,4.0,2013-05-03,269.31,1,4
REGN,SHORT,2016-01-08,495.99,1,1.0,4.0,2016-01-11,476.15,1,4
REGN,SHORT,2016-06-24,340.99,1,1.0,4.0,2016-06-29,344.4,3,-1
REGN,LONG,2016-07-29,416.01,1,1.0,4.0,2016-08-01,432.65,1,4
ROST,LONG,2010-03-08,12.9,1,1.0,4.0,2010-03-15,13.41,5,4
ROST,LONG,2012-03-07,27.53,1,1.0,4.0,2012-03-21,28.64,10,4
ROST,LONG,2014-11-10,41.01,1,1.0,4.0,2014-11-14,40.6,4,-1
ROST,LONG,2014-12-15,46.05,1,1.0,4.0,2014-12-16,45.59,1,-1
SHPG,LONG,2007-08-08,77.8,1,1.0,4.0,2007-08-09,76.47,1,-1.71
SHPG,LONG,2008-08-05,53.3,1,1.0,4.0,2008-08-06,51.57,1,-3.25
SHPG,LONG,2011-03-01,85.95,1,1.0,4.0,2011-03-01,85.09,1,-1
SHPG,LONG,2013-07-29,109.59,1,1.0,4.0,2013-08-16,113.97,15,4
SHPG,LONG,2014-06-18,191.92,1,1.0,4.0,2014-06-19,190,1,-1
SHPG,LONG,2015-02-05,228.01,1,1.0,4.0,2015-02-06,223.34,1,-2.05
SHPG,LONG,2015-03-20,253.12,1,1.0,4.0,2015-03-23,250.06,2,-1.21
SHPG,SHORT,2016-02-05,159.35,1,1.0,4.0,2016-02-08,152.98,1,4
SWKS,SHORT,2007-08-10,6.79,1,1.0,4.0,2007-08-10,6.86,1,-1
SWKS,LONG,2007-09-21,9.19,1,1.0,4.0,2007-09-21,9.1,1,-1
SWKS,SHORT,2008-01-08,7.43,1,1.0,4.0,2008-01-09,7.58,1,-2.02
SWKS,SHORT,2008-10-06,7.4,1,1.0,4.0,2008-10-06,7.47,1,-1
SWKS,LONG,2009-03-05,7.15,1,1.0,4.0,2009-03-06,6.98,1,-2.38
SWKS,LONG,2010-03-25,16.56,1,1.0,4.0,2010-03-26,16.39,1,-1
SWKS,LONG,2010-11-24,24.89,1,1.0,4.0,2010-11-26,25.99,1,4.42
SWKS,LONG,2011-01-05,30.15,1,1.0,4.0,2011-01-07,29.85,2,-1
SWKS,LONG,2013-11-25,26.68,1,1.0,4.0,2013-11-26,26.41,1,-1
SWKS,LONG,2013-12-11,28.55,1,1.0,4.0,2013-12-12,27.85,1,-2.45
SBUX,SHORT,2007-12-19,10.06,1,1.0,4.0,2007-12-20,10.16,1,-1
SBUX,SHORT,2008-07-10,7.31,1,1.0,4.0,2008-07-11,7.02,1,4
SBUX,LONG,2009-12-22,11.89,1,1.0,4.0,2009-12-23,11.77,1,-1
SBUX,LONG,2010-04-26,13.74,1,1.0,4.0,2010-04-27,13.6,1,-1
SBUX,SHORT,2012-07-31,23.05,1,1.0,4.0,2012-08-01,22.13,1,4
SBUX,LONG,2013-09-18,38.31,1,1.0,4.0,2013-09-23,37.93,3,-1
SBUX,SHORT,2014-10-15,36,1,1.0,4.0,2014-10-16,36.35,1,-1
SBUX,LONG,2015-01-27,44.36,1,1.0,4.0,2015-01-28,43.92,1,-1
SBUX,LONG,2015-07-22,56.75,1,1.0,4.0,2015-07-23,56.18,1,-1
TSCO,SHORT,2007-12-14,9.16,1,1.0,4.0,2007-12-17,9.26,1,-1
TSCO,SHORT,2008-07-11,6.88,1,1.0,4.0,2008-07-14,7.2,1,-4.54
TSCO,LONG,2010-04-09,16.98,1,1.0,4.0,2010-04-09,16.81,1,-1
TSCO,LONG,2010-04-26,17.8,1,1.0,4.0,2010-04-26,17.62,1,-1
TSCO,LONG,2010-09-30,19.85,1,1.0,4.0,2010-10-01,19.65,1,-1
TSCO,LONG,2010-12-20,24.33,1,1.0,4.0,2010-12-21,24.09,1,-1
TSCO,LONG,2013-04-25,56.51,1,1.0,4.0,2013-04-26,55.53,1,-1.73
TSCO,SHORT,2014-02-03,64.62,1,1.0,4.0,2014-02-07,65.27,4,-1
TSCO,SHORT,2016-08-08,85.75,1,1.0,4.0,2016-08-09,86.61,1,-1
TSCO,SHORT,2016-09-08,70.87,1,1.0,4.0,2016-09-08,71.58,1,-1
TXN,LONG,2009-06-19,21.73,1,1.0,4.0,2009-06-22,21.43,1,-1.38
TXN,LONG,2010-12-03,32.95,1,1.0,4.0,2010-12-06,32.62,1,-1
TXN,SHORT,2012-05-23,28.59,1,1.0,4.0,2012-05-24,29.18,1,-2.06
TXN,LONG,2013-02-05,33.76,1,1.0,4.0,2013-02-06,33.42,1,-1
TXN,SHORT,2014-02-04,41.25,1,1.0,4.0,2014-02-07,41.66,3,-1
TMUS,SHORT,2009-10-16,14.15,1,1.0,4.0,2009-10-19,14.34,1,-1.34
TMUS,LONG,2010-09-29,21.05,1,1.0,4.0,2010-09-30,20.84,1,-1
TMUS,LONG,2010-10-05,22.01,1,1.0,4.0,2010-10-08,21.79,3,-1
TMUS,LONG,2011-04-01,32.83,1,1.0,4.0,2011-04-18,32.5,11,-1
TMUS,LONG,2012-08-15,18.73,1,1.0,4.0,2012-08-16,19.56,1,4.43
TMUS,LONG,2012-08-17,19.65,1,1.0,4.0,2012-08-20,19.45,1,-1
TMUS,LONG,2015-05-26,36.83,1,1.0,4.0,2015-05-27,38.3,1,4
ULTA,SHORT,2009-03-03,5.2,1,1.0,4.0,2009-03-04,5.26,1,-1.15
ULTA,LONG,2011-02-18,43.91,1,1.0,4.0,2011-02-22,43.25,1,-1.5
ULTA,LONG,2011-03-15,47.56,1,1.0,4.0,2011-03-16,46.7,1,-1.81
ULTA,LONG,2012-03-05,86.12,1,1.0,4.0,2012-03-06,85.26,2,-1
ULTA,LONG,2012-03-26,94.28,1,1.0,4.0,2012-03-28,93.34,3,-1
ULTA,LONG,2012-04-18,95.86,1,1.0,4.0,2012-04-19,94.9,1,-1
ULTA,SHORT,2014-01-15,88.14,1,1.0,4.0,2014-01-16,84.61,1,4
ULTA,LONG,2014-09-19,120.58,1,1.0,4.0,2014-09-22,119.37,1,-1
ULTA,LONG,2016-08-23,276.21,1,1.0,4.0,2016-08-24,273.45,1,-1
VIAB,LONG,2010-09-30,36.72,1,1.0,4.0,2010-10-01,36.35,1,-1
VIAB,LONG,2011-01-07,40.63,1,1.0,4.0,2011-01-10,40.22,1,-1.01
VIAB,LONG,2011-04-01,47.35,1,1.0,4.0,2011-04-18,46.88,11,-1
VIAB,SHORT,2011-08-05,43.85,1,1.0,4.0,2011-08-08,44.29,1,-1
VIAB,LONG,2013-01-24,59.33,1,1.0,4.0,2013-01-25,58.74,1,-1
VIAB,SHORT,2014-02-05,78.65,1,1.0,4.0,2014-02-06,79.87,1,-1.55
VIAB,SHORT,2015-07-24,57.46,1,1.0,4.0,2015-08-05,55.1,8,4.11
VOD,LONG,2007-06-05,33.2,1,1.0,4.0,2007-06-06,32.12,1,-3.25
VOD,SHORT,2008-06-24,28.85,1,1.0,4.0,2008-06-25,29.15,1,-1.06
VOD,SHORT,2012-11-02,27.51,1,1.0,4.0,2012-11-13,26.01,8,5.45
VOD,SHORT,2014-04-08,35.76,1,1.0,4.0,2014-04-09,36.8,1,-2.91
VRTX,SHORT,2008-02-12,16.38,1,1.0,4.0,2008-02-12,16.54,1,-1
VRTX,LONG,2011-02-25,44.69,1,1.0,4.0,2011-02-28,46.48,1,4
VRTX,LONG,2011-03-02,46.76,1,1.0,4.0,2011-03-03,48.63,1,4
VRTX,LONG,2014-09-23,105.54,1,1.0,4.0,2014-09-24,104.48,1,-1
WDC,LONG,2008-06-05,39.19,1,1.0,4.0,2008-06-06,38.8,1,-1
WDC,SHORT,2010-08-27,23.1,1,1.0,4.0,2010-08-30,25.19,1,-9.05
WDC,LONG,2012-01-10,34.18,1,1.0,4.0,2012-01-10,33.84,1,-1
WDC,LONG,2012-02-21,40.71,1,1.0,4.0,2012-02-22,40.04,1,-1.65
WDC,LONG,2013-01-28,49.43,1,1.0,4.0,2013-01-29,47.39,1,-4.13
WDC,LONG,2013-05-28,62.89,1,1.0,4.0,2013-06-03,62.26,5,-1
WDC,LONG,2013-07-15,68.65,1,1.0,4.0,2013-07-16,67.96,1,-1
WDC,LONG,2013-12-06,78.8,1,1.0,4.0,2013-12-10,78.01,2,-1
WDC,SHORT,2014-10-10,92.71,1,1.0,4.0,2014-10-13,89,1,4
WDC,LONG,2016-09-29,59.33,1,1.0,4.0,2016-09-30,58.43,1,-1.52
XRAY,LONG,2012-04-27,41.04,1,1.0,4.0,2012-05-01,40,3,-2.53
XRAY,LONG,2013-11-14,48.25,1,1.0,4.0,2013-11-20,47.77,5,-1
XRAY,LONG,2015-06-22,53.64,1,1.0,4.0,2015-06-23,53.1,1,-1
XRAY,LONG,2015-11-02,61.88,1,1.0,4.0,2015-11-06,61.26,4,-1
IDXX,SHORT,2008-10-08,23.06,1,1.0,4.0,2008-10-08,23.29,1,-1
IDXX,LONG,2014-02-06,58.45,1,1.0,4.0,2014-02-11,60.79,3,4
IDXX,LONG,2014-10-28,70.22,1,1.0,4.0,2014-11-10,73.03,9,4
IDXX,LONG,2015-01-16,81.24,1,1.0,4.0,2015-01-20,80.18,1,-1.31
LRCX,SHORT,2007-09-14,49.97,1,1.0,4.0,2007-09-17,50.47,1,-1
LRCX,SHORT,2008-01-08,39.46,1,1.0,4.0,2008-01-09,37.88,1,4
LRCX,LONG,2009-04-14,25.97,1,1.0,4.0,2009-04-15,25.58,1,-1.5
LRCX,LONG,2009-09-14,35.06,1,1.0,4.0,2009-09-15,34.71,1,-1
LRCX,SHORT,2011-04-26,48.62,1,1.0,4.0,2011-04-27,49.37,1,-1.54
LRCX,SHORT,2011-08-01,40.68,1,1.0,4.0,2011-08-03,39.05,2,4
LRCX,SHORT,2011-12-19,35.49,1,1.0,4.0,2011-12-20,35.84,1,-1
LRCX,LONG,2014-11-26,81.32,1,1.0,4.0,2014-12-03,84.57,4,4
MCHP,LONG,2008-04-28,36.16,1,1.0,4.0,2008-05-01,37.61,3,4
MCHP,LONG,2009-07-27,27.08,1,1.0,4.0,2009-07-28,26.81,1,-1
MCHP,SHORT,2011-07-14,32.16,1,1.0,4.0,2011-07-19,32.48,3,-1
MCHP,LONG,2012-08-07,34.8,1,1.0,4.0,2012-08-24,34.45,13,-1
MCHP,SHORT,2014-10-10,40.3,1,1.0,4.0,2014-10-10,40.7,1,-1
ORLY,LONG,2009-04-06,36.75,1,1.0,4.0,2009-04-07,36.02,1,-1.99
ORLY,SHORT,2011-02-24,53.43,1,1.0,4.0,2011-02-25,54.64,1,-2.26
ORLY,LONG,2011-06-27,64.66,1,1.0,4.0,2011-07-14,64.01,12,-1
ORLY,LONG,2012-04-26,100.99,1,1.0,4.0,2012-04-26,99.98,1,-1
ORLY,LONG,2014-11-10,180.01,1,1.0,4.0,2014-11-17,178.21,5,-1
ORLY,SHORT,2016-01-06,243.63,1,1.0,4.0,2016-01-14,233.88,7,4
PCAR,SHORT,2008-01-22,42.68,1,1.0,4.0,2008-01-22,43.11,1,-1
PCAR,LONG,2010-03-16,41.85,1,1.0,4.0,2010-03-17,41.43,1,-1
PCAR,LONG,2010-04-20,47.09,1,1.0,4.0,2010-04-20,46.62,1,-1
PCAR,SHORT,2011-03-09,47.87,1,1.0,4.0,2011-03-11,48.35,2,-1
PCAR,LONG,2013-01-28,48.51,1,1.0,4.0,2013-01-29,48.02,1,-1
PCAR,LONG,2013-07-15,56.92,1,1.0,4.0,2013-07-23,59.53,6,4.59
PCAR,LONG,2014-03-17,66.64,1,1.0,4.0,2014-03-27,65.97,8,-1
STX,SHORT,2010-05-25,15.49,1,1.0,4.0,2010-05-26,15.78,2,-1.87
STX,SHORT,2010-08-27,9.98,1,1.0,4.0,2010-08-30,10.64,1,-6.61
STX,LONG,2012-01-31,21.14,1,1.0,4.0,2012-02-01,23.59,2,11.59
STX,SHORT,2013-08-29,38.26,1,1.0,4.0,2013-08-30,38.64,1,-1
STX,LONG,2016-09-09,36.77,1,1.0,4.0,2016-09-09,36.4,1,-1
TSLA,LONG,2010-11-12,29.98,1,1.0,4.0,2010-11-15,31.18,1,4
TSLA,LONG,2013-05-09,70.12,1,1.0,4.0,2013-05-09,69.42,1,-1
TSLA,SHORT,2015-08-10,236.11,1,1.0,4.0,2015-08-11,238.47,1,-1
TSLA,SHORT,2016-11-14,180.41,1,1.0,4.0,2016-11-15,182.78,1,-1.31
VRSK,LONG,2011-12-20,39.85,1,1.0,4.0,2011-12-21,39.45,1,-1
VRSK,LONG,2012-03-09,45.14,1,1.0,4.0,2012-03-12,44.69,1,-1
VRSK,LONG,2013-10-21,68.78,1,1.0,4.0,2013-10-23,68.06,2,-1.05
VRSK,SHORT,2016-02-05,68.07,1,1.0,4.0,2016-02-08,65.35,1,4
VRSK,LONG,2016-11-28,84.77,1,1.0,4.0,2016-11-29,83.92,1,-1
WYNN,LONG,2011-02-15,129.38,1,1.0,4.0,2011-02-16,128.09,1,-1
WYNN,SHORT,2014-10-15,170.04,1,1.0,4.0,2014-10-16,173.31,1,-1.92
WYNN,SHORT,2014-12-08,161,1,1.0,4.0,2014-12-08,162.61,1,-1
XLNX,LONG,2009-04-16,20.95,1,1.0,4.0,2009-04-20,20.74,2,-1
XLNX,LONG,2011-01-11,30.42,1,1.0,4.0,2011-01-14,31.64,3,4
XLNX,LONG,2013-02-19,38.66,1,1.0,4.0,2013-02-21,38.15,3,-1.32
XLNX,SHORT,2013-04-19,35.37,1,1.0,4.0,2013-04-22,35.72,1,-1
XLNX,LONG,2014-01-17,47.79,1,1.0,4.0,2014-01-21,47.29,1,-1.05
